HGNC_Symbol,Log2FC,P_Value,DataSet
CDK9,-0.17,0.01777,hiPSC_Neuron
CDK14,-0.18,0.07825,hiPSC_Neuron
CDK19,0.15,0.09483,hiPSC_Neuron
CDK20,-0.17,0.09843,hiPSC_Neuron
MAPK1,-0.13,0.12186,hiPSC_Neuron
MAPK4,0.56,0.1538,hiPSC_Neuron
CDK17,-0.11,0.15565,hiPSC_Neuron
CDK6,-0.2,0.15825,hiPSC_Neuron
CDK18,0.58,0.18413,hiPSC_Neuron
HIPK3,-0.07,0.203,hiPSC_Neuron
CDKL5,0.13,0.25768,hiPSC_Neuron
MAPK9,-0.08,0.25787,hiPSC_Neuron
CDK5,-0.12,0.29746,hiPSC_Neuron
GSK3A,-0.05,0.31595,hiPSC_Neuron
CSNK2A2,-0.06,0.33495,hiPSC_Neuron
MAPK10,-0.11,0.35991,hiPSC_Neuron
CLK1,-0.16,0.36541,hiPSC_Neuron
CDKL4,-0.19,0.37284,hiPSC_Neuron
MAK,0.14,0.40271,hiPSC_Neuron
MAPK14,0.05,0.40306,hiPSC_Neuron
MAPK7,0.06,0.41985,hiPSC_Neuron
CDKL1,0.08,0.42285,hiPSC_Neuron
CDK15,0.29,0.45471,hiPSC_Neuron
DYRK1B,0.07,0.45947,hiPSC_Neuron
HIPK2,-0.07,0.45962,hiPSC_Neuron
CLK4,-0.07,0.46623,hiPSC_Neuron
MAPK13,0.22,0.46708,hiPSC_Neuron
CILK1,0.07,0.4691,hiPSC_Neuron
DYRK2,0.09,0.46937,hiPSC_Neuron
MAPK6,-0.07,0.48273,hiPSC_Neuron
CDK8,-0.05,0.50089,hiPSC_Neuron
CDK7,-0.05,0.51312,hiPSC_Neuron
DYRK1A,-0.04,0.53004,hiPSC_Neuron
CDK12,-0.03,0.53917,hiPSC_Neuron
SRPK3,0.12,0.54047,hiPSC_Neuron
MOK,-0.09,0.5572,hiPSC_Neuron
CLK3,-0.05,0.57231,hiPSC_Neuron
CDK16,-0.05,0.60424,hiPSC_Neuron
DYRK4,-0.04,0.60642,hiPSC_Neuron
SRPK1,0.04,0.60963,hiPSC_Neuron
CDK10,0.05,0.66537,hiPSC_Neuron
MAPK11,0.06,0.67846,hiPSC_Neuron
GSK3B,0.03,0.68068,hiPSC_Neuron
CSNK2A1,0.02,0.68949,hiPSC_Neuron
MAPK15,-0.1,0.69651,hiPSC_Neuron
PRPF4B,-0.02,0.69867,hiPSC_Neuron
CDKL2,-0.07,0.71372,hiPSC_Neuron
CLK2,0.02,0.75322,hiPSC_Neuron
MAPK12,0.03,0.78011,hiPSC_Neuron
DYRK3,0.04,0.82065,hiPSC_Neuron
SRPK2,-0.01,0.83861,hiPSC_Neuron
MAPK3,0.02,0.84295,hiPSC_Neuron
HIPK1,-0.02,0.85544,hiPSC_Neuron
CDK4,0.02,0.8696,hiPSC_Neuron
NLK,-0.01,0.93645,hiPSC_Neuron
CDK13,0,0.95591,hiPSC_Neuron
CDKL3,0,0.96093,hiPSC_Neuron
CDK1,-0.01,0.97196,hiPSC_Neuron
MAPK8,0,0.99655,hiPSC_Neuron
CDK2,0,0.9989,hiPSC_Neuron
CDKL5,0.61,1.4e-4,BloodmRNA
CDK10,0.03,0.887,BloodmRNA
MAPK3,-0.32,0.0253,BloodmRNA
GSK3B,-0.13,0.705,BloodmRNA
CDK5,-0.3,0.291,BloodmRNA
CDK20,0.22,0.168,BloodmRNA
SRPK3,0.16,0.37,BloodmRNA
CSNK2A1,0.07,0.614,BloodmRNA
DYRK3,0.1,0.59,BloodmRNA
DYRK2,0.11,0.573,BloodmRNA
CLK1,-0.1,0.66,BloodmRNA
DYRK1B,0.01,0.955,BloodmRNA
CILK1,0.31,0.0851,BloodmRNA
CDK13,-0.4,0.0702,BloodmRNA
CDK2,-0.02,0.835,BloodmRNA
DYRK1A,1.27,1e-5,BloodmRNA
MAPK14,-0.28,0.322,BloodmRNA
CDK3,0,0.972,BloodmRNA
MAPK4,-0.07,0.754,BloodmRNA
HIPK4,0.84,2e-4,BloodmRNA
GSK3A,-0.59,0.0158,BloodmRNA
CDK15,-0.94,0.0375,BloodmRNA
MAPK1,0.02,0.895,BloodmRNA
MAPK12,-0.09,0.748,BloodmRNA
CLK4,-0.08,0.651,BloodmRNA
MAPK9,0.22,0.297,BloodmRNA
CDK7,-0.18,0.241,BloodmRNA
HIPK1,0.18,0.28,BloodmRNA
SRPK1,-0.6,0.0847,BloodmRNA
CDK19,-0.59,0.00486,BloodmRNA
PRPF4B,-0.23,0.347,BloodmRNA
MAPK13,-0.22,0.0753,BloodmRNA
CDK6,0.58,0.0129,BloodmRNA
SRPK2,0.12,0.724,BloodmRNA
HIPK2,0.04,0.745,BloodmRNA
CDK9,-0.2,0.0608,BloodmRNA
CDK16,-1.22,0.00189,BloodmRNA
MAPK8,-1.02,0.00377,BloodmRNA
CDK1,-0.77,0.0574,BloodmRNA
CDK4,-0.35,0.0299,BloodmRNA
CDK17,0.25,0.0565,BloodmRNA
DYRK4,-0.09,0.34,BloodmRNA
CDK8,-0.77,0.00239,BloodmRNA
CDKL1,0.2,0.32,BloodmRNA
MAPK6,0.15,0.429,BloodmRNA
CLK2,-0.37,0.175,BloodmRNA
CSNK2A2,-0.02,0.877,BloodmRNA
CDK4,-0.09,0.64502,DISC1_RNA
DYRK3,-0.54,0.05815,DISC1_RNA
CDKL5,0.79,0.00263,DISC1_RNA
CDK20,0.35,0.14648,DISC1_RNA
MAPK3,-0.08,0.66796,DISC1_RNA
HIPK3,-0.05,0.81891,DISC1_RNA
CDK10,0.38,0.09603,DISC1_RNA
HIPK2,-0.58,0.06042,DISC1_RNA
CDKL3,0.23,0.58573,DISC1_RNA
CLK3,-0.23,0.30772,DISC1_RNA
MAPK9,0.46,0.07654,DISC1_RNA
CDK6,-0.06,0.79266,DISC1_RNA
GSK3B,0.2,0.34946,DISC1_RNA
CLK1,-0.11,0.61085,DISC1_RNA
CDK5,0.74,0.02843,DISC1_RNA
CDK1,0.1,0.79526,DISC1_RNA
CDK16,0.37,0.10856,DISC1_RNA
CDK17,0.74,0.00397,DISC1_RNA
MAK,-0.88,0.1042,DISC1_RNA
CDK3,0.28,0.2898,DISC1_RNA
CDK8,0.09,0.74507,DISC1_RNA
CDK9,-0.06,0.7773,DISC1_RNA
MAPK14,-0.12,0.6091,DISC1_RNA
DYRK1A,0.34,0.11108,DISC1_RNA
CDK2,-0.75,0.01339,DISC1_RNA
CDK7,-0.25,0.61208,DISC1_RNA
CSNK2A1,0.15,0.4352,DISC1_RNA
CSNK2A2,0.31,0.26179,DISC1_RNA
CDK18,-0.54,0.27004,DISC1_RNA
MAPK1,-0.24,0.21942,DISC1_RNA
MAPK4,1.55,1e-5,DISC1_RNA
MAPK6,-0.3,0.13066,DISC1_RNA
MAPK7,0.06,0.76847,DISC1_RNA
MAPK11,-0.11,0.61236,DISC1_RNA
MAPK10,-0.12,0.58335,DISC1_RNA
MAPK13,0.52,0.36744,DISC1_RNA
MAPK12,0.73,0.06433,DISC1_RNA
SRPK1,-0.26,0.21149,DISC1_RNA
DYRK2,0.26,0.19684,DISC1_RNA
CDK13,-0.05,0.83005,DISC1_RNA
DYRK4,-0.56,0.03109,DISC1_RNA
PRPF4B,-0.08,0.73689,DISC1_RNA
CDKL2,0.22,0.63043,DISC1_RNA
CLK2,0,0.98766,DISC1_RNA
DYRK1B,0.43,0.05458,DISC1_RNA
CDK14,-0.44,0.05542,DISC1_RNA
MOK,0.44,0.08007,DISC1_RNA
CILK1,0.2,0.35365,DISC1_RNA
CDK19,0.48,0.07524,DISC1_RNA
CDK12,0.11,0.56979,DISC1_RNA
NLK,0.08,0.70927,DISC1_RNA
GSK3A,0.45,0.03064,DISC1_RNA
CLK4,0.08,0.74378,DISC1_RNA
MAPK15,-1.93,7.5e-4,DISC1_RNA
MAPK8,0.31,0.16755,DISC1_RNA
HIPK1,-0.36,0.11584,DISC1_RNA
SRPK2,0.5,0.024,DISC1_RNA
CDKL3,0.03,0.12722,gandalMicro
CDKL5,-0.02,0.41274,gandalMicro
DYRK4,0.01,0.53156,gandalMicro
CLK1,-0.01,0.83831,gandalMicro
MAPK9,-0.09,4.9e-4,gandalMicro
CDK14,-0.08,2.4e-4,gandalMicro
CDK17,-0.02,0.32727,gandalMicro
HIPK2,0.08,0.03333,gandalMicro
CDK13,0.03,0.13399,gandalMicro
MAPK6,-0.07,9e-5,gandalMicro
CSNK2A2,0.02,0.19062,gandalMicro
MOK,-0.02,0.24536,gandalMicro
GSK3B,-0.05,0.02609,gandalMicro
NLK,-0.03,0.22087,gandalMicro
SRPK1,-0.02,0.4322,gandalMicro
MAPK1,0,0.96157,gandalMicro
CDKL1,-0.02,0.43496,gandalMicro
CDK16,-0.05,0.00291,gandalMicro
MAPK3,0.04,0.01801,gandalMicro
DYRK1B,0,0.78094,gandalMicro
GSK3A,-0.04,0.00498,gandalMicro
CDK6,0.03,0.38214,gandalMicro
MAPK8,-0.03,0.11978,gandalMicro
MAPK10,-0.02,0.33573,gandalMicro
HIPK3,0.04,0.03536,gandalMicro
MAK,0.01,0.70038,gandalMicro
MAPK14,0.02,0.22208,gandalMicro
CILK1,0.02,0.41927,gandalMicro
PRPF4B,0,0.95941,gandalMicro
CLK4,-0.08,9.4e-4,gandalMicro
CDK18,0.04,0.37522,gandalMicro
CDK2,0.05,0.03966,gandalMicro
DYRK2,0,0.96971,gandalMicro
CDK8,-0.03,0.22974,gandalMicro
SRPK2,-0.02,0.23779,gandalMicro
CDK4,0.02,0.15257,gandalMicro
CDK9,-0.02,0.35067,gandalMicro
CDKL2,-0.02,0.47948,gandalMicro
MAPK4,0.02,0.44832,gandalMicro
DYRK3,0.02,0.20797,gandalMicro
CDK19,0.01,0.64627,gandalMicro
CDK20,-0.02,0.19909,gandalMicro
MAPK13,-0.03,0.17039,gandalMicro
DYRK1A,0.01,0.69167,gandalMicro
HIPK1,0.04,0.07057,gandalMicro
CDK5,-0.11,0,gandalMicro
MAPK7,0.03,0.13482,gandalMicro
CDK12,0.03,0.02847,gandalMicro
CDK1,-0.05,0.00265,gandalMicro
CLK2,0.03,0.01601,gandalMicro
CLK3,0.01,0.56488,gandalMicro
SRPK3,0,0.87897,gandalMicro
CDK10,-0.03,0.08118,gandalMicro
MAPK11,-0.02,0.17808,gandalMicro
MAPK12,-0.02,0.35467,gandalMicro
CDKL3,0.03,0.39863,gandalRNAseq
CDKL5,-0.03,0.18486,gandalRNAseq
DYRK4,-0.02,0.7104,gandalRNAseq
CLK1,0,0.90130999999999994,gandalRNAseq
MAPK9,-0.09,5e-5,gandalRNAseq
CDK14,-0.1,7e-5,gandalRNAseq
CDK17,-0.05,0.00338,gandalRNAseq
HIPK2,0.05,0.24585,gandalRNAseq
CDK13,0.01,0.75254,gandalRNAseq
MAPK6,-0.05,0.03442,gandalRNAseq
CSNK2A2,0.02,0.2031,gandalRNAseq
MOK,-0.04,0.03928,gandalRNAseq
GSK3B,-0.03,0.36202,gandalRNAseq
NLK,-0.07,0.02427,gandalRNAseq
SRPK1,0.02,0.36668,gandalRNAseq
MAPK1,-0.04,0.04319,gandalRNAseq
CDKL1,0.01,0.81635,gandalRNAseq
CSNK2A1,-0.02,0.16751,gandalRNAseq
CDK16,-0.09,1.9e-4,gandalRNAseq
MAPK3,0.06,0.12322,gandalRNAseq
DYRK1B,0.02,0.52927,gandalRNAseq
GSK3A,0.02,0.44205,gandalRNAseq
CDK6,0.04,0.12144,gandalRNAseq
MAPK8,-0.06,0.00109,gandalRNAseq
MAPK10,-0.01,0.83528,gandalRNAseq
HIPK3,0,0.90727,gandalRNAseq
MAPK14,0.05,0.0018600000000000001,gandalRNAseq
CILK1,-0.01,0.83912,gandalRNAseq
PRPF4B,0.01,0.59868,gandalRNAseq
CLK4,-0.06,0.03483,gandalRNAseq
CDK18,0.24,1e-5,gandalRNAseq
CDK2,0.2,0.00141,gandalRNAseq
DYRK2,0.02,0.36198,gandalRNAseq
CDK8,-0.02,0.34968,gandalRNAseq
CDK7,-0.02,0.45279,gandalRNAseq
SRPK2,0,0.9128,gandalRNAseq
CDK4,0.03,0.54965,gandalRNAseq
CDK9,0,0.87618,gandalRNAseq
CDKL2,-0.02,0.36206,gandalRNAseq
MAPK4,-0.07,0.08978,gandalRNAseq
DYRK3,-0.01,0.93138,gandalRNAseq
CDK19,0.02,0.36981,gandalRNAseq
CDK20,0,0.83043,gandalRNAseq
MAPK13,-0.05,0.12686,gandalRNAseq
DYRK1A,-0.03,0.01809,gandalRNAseq
HIPK1,-0.01,0.72311,gandalRNAseq
CDK5,-0.1,3.4e-4,gandalRNAseq
MAPK7,0.06,0.13047,gandalRNAseq
CDK12,0.04,0.00222,gandalRNAseq
CLK2,0.06,2.9e-4,gandalRNAseq
CLK3,0.01,0.43088,gandalRNAseq
SRPK3,0.04,0.47571,gandalRNAseq
CDK10,-0.01,0.54146,gandalRNAseq
MAPK11,-0.03,0.33931,gandalRNAseq
MAPK12,-0.04,0.09892,gandalRNAseq
GSK3A,-0.09,0.09024,hiPSC_NPC1
CLK4,-0.12,0.18068,hiPSC_NPC1
MAPK9,-0.09,0.19588,hiPSC_NPC1
DYRK3,0.24,0.20445,hiPSC_NPC1
CDK10,0.13,0.231,hiPSC_NPC1
CDK18,0.49,0.26963,hiPSC_NPC1
CDK19,0.09,0.29722,hiPSC_NPC1
MAPK14,-0.06,0.31299,hiPSC_NPC1
CDK15,0.39,0.33453,hiPSC_NPC1
MAK,0.16,0.34537,hiPSC_NPC1
CDK5,-0.11,0.35252,hiPSC_NPC1
NLK,0.12,0.35744,hiPSC_NPC1
CDK9,-0.06,0.37185,hiPSC_NPC1
CLK2,-0.05,0.37334,hiPSC_NPC1
SRPK1,0.07,0.40024,hiPSC_NPC1
MOK,0.13,0.40075,hiPSC_NPC1
DYRK2,0.11,0.41002,hiPSC_NPC1
CDKL2,0.17,0.42557,hiPSC_NPC1
CDKL3,0.05,0.42716,hiPSC_NPC1
CDK17,-0.06,0.44064,hiPSC_NPC1
CDK14,-0.08,0.44942,hiPSC_NPC1
DYRK1A,0.04,0.4615,hiPSC_NPC1
MAPK15,0.2,0.47266,hiPSC_NPC1
CDK8,-0.06,0.47348,hiPSC_NPC1
CLK3,-0.06,0.4906,hiPSC_NPC1
DYRK4,-0.05,0.49835,hiPSC_NPC1
CDK16,-0.06,0.51167,hiPSC_NPC1
CLK1,-0.11,0.53931,hiPSC_NPC1
CDK12,-0.03,0.546,hiPSC_NPC1
MAPK4,0.24,0.54981,hiPSC_NPC1
CDK1,0.12,0.5637,hiPSC_NPC1
CSNK2A2,-0.03,0.5876,hiPSC_NPC1
CDK7,-0.04,0.63791,hiPSC_NPC1
CDKL1,0.05,0.64522,hiPSC_NPC1
MAPK11,0.06,0.64595,hiPSC_NPC1
CDK2,0.07,0.67102,hiPSC_NPC1
CDK6,0.06,0.69982,hiPSC_NPC1
CDK13,0.02,0.70613,hiPSC_NPC1
CDK20,0.04,0.73443,hiPSC_NPC1
PRPF4B,0.02,0.73553,hiPSC_NPC1
MAPK1,-0.03,0.74509,hiPSC_NPC1
GSK3B,0.02,0.74737,hiPSC_NPC1
SRPK2,0.02,0.77096,hiPSC_NPC1
CDKL5,-0.03,0.78669,hiPSC_NPC1
HIPK3,0.02,0.78978,hiPSC_NPC1
CSNK2A1,-0.02,0.80234,hiPSC_NPC1
MAPK6,-0.02,0.83809,hiPSC_NPC1
MAPK13,0.06,0.84487,hiPSC_NPC1
CILK1,0.02,0.85588,hiPSC_NPC1
MAPK7,0.01,0.85927,hiPSC_NPC1
CDKL4,0.04,0.85938,hiPSC_NPC1
HIPK2,0.02,0.86263,hiPSC_NPC1
MAPK10,-0.02,0.8891,hiPSC_NPC1
SRPK3,-0.02,0.9073,hiPSC_NPC1
CDK4,0.01,0.93746,hiPSC_NPC1
MAPK12,0.01,0.93894,hiPSC_NPC1
MAPK8,-0.01,0.94929,hiPSC_NPC1
DYRK1B,0,0.95719,hiPSC_NPC1
MAPK3,0,0.96118,hiPSC_NPC1
HIPK1,0,0.96415,hiPSC_NPC1
CLK3,0.11,0.40437,MtSinaiACC
CSNK2A2,0.15,0.07197,MtSinaiACC
HIPK1,-0.06,0.75233,MtSinaiACC
CLK4,-0.26,0.03223,MtSinaiACC
CDK12,0.02,0.89586,MtSinaiACC
NLK,-0.02,0.94959,MtSinaiACC
CDKL3,-0.34,0.09946,MtSinaiACC
HIPK2,-0.73,0.02906,MtSinaiACC
CDK19,-0.19,0.30143,MtSinaiACC
CILK1,-0.01,0.96528,MtSinaiACC
HIPK3,0.21,0.31195,MtSinaiACC
PRPF4B,0.01,0.83711,MtSinaiACC
CDKL1,0.36,0.12388,MtSinaiACC
DYRK4,0.02,0.88255,MtSinaiACC
CDK13,-0.13,0.24055,MtSinaiACC
CDK10,0.05,0.83907,MtSinaiACC
DYRK2,0.04,0.838,MtSinaiACC
SRPK2,-0.22,0.37808,MtSinaiACC
SRPK1,0.2,0.16472,MtSinaiACC
MAPK12,-0.1,0.49122,MtSinaiACC
MOK,0.21,0.1723,MtSinaiACC
MAPK13,0.29,0.07345,MtSinaiACC
MAPK10,0.34,0.04756,MtSinaiACC
MAPK9,0.37,0.14551,MtSinaiACC
MAPK11,-0.29,0.314,MtSinaiACC
MAPK8,0.02,0.93892,MtSinaiACC
MAPK6,0.18,0.07734,MtSinaiACC
MAPK3,0.3,0.13009,MtSinaiACC
MAPK1,0.29,0.22807,MtSinaiACC
CDK14,0.19,0.23624,MtSinaiACC
CDK18,-0.55,0.33708,MtSinaiACC
CDK17,0.09,0.65594,MtSinaiACC
CDK16,0.21,0.15754,MtSinaiACC
CDK5,0.28,0.19778,MtSinaiACC
GSK3B,-0.1,0.62001,MtSinaiACC
GSK3A,0.2,0.14661,MtSinaiACC
DYRK1A,0.17,0.14449,MtSinaiACC
CSNK2A1,0.22,0.0336,MtSinaiACC
MAPK14,0.24,0.02925,MtSinaiACC
CLK1,-0.13,0.51925,MtSinaiACC
CDK9,-0.27,0.05996,MtSinaiACC
CDK8,0.14,0.1906,MtSinaiACC
CDK7,0.06,0.524,MtSinaiACC
CDK6,-0.25,0.07223,MtSinaiACC
CDK4,-0.11,0.34486,MtSinaiACC
CDK3,-0.01,0.94625,MtSinaiACC
CDK2,-0.01,0.98099,MtSinaiACC
CLK3,-0.04,0.68856,MtSinaiDLPFC
CSNK2A2,0.17,0.59101,MtSinaiDLPFC
HIPK1,-0.19,0.25408,MtSinaiDLPFC
CLK4,0.11,0.31529,MtSinaiDLPFC
CDK12,0.35,0.25443,MtSinaiDLPFC
NLK,-0.08,0.67183,MtSinaiDLPFC
CDKL3,-0.03,0.83415,MtSinaiDLPFC
HIPK2,0.11,0.51076,MtSinaiDLPFC
CDK19,-0.17,0.18139,MtSinaiDLPFC
CILK1,0,0.99927,MtSinaiDLPFC
HIPK3,-0.28,0.19558,MtSinaiDLPFC
PRPF4B,0.11,0.54012,MtSinaiDLPFC
CDKL1,-0.28,0.11751,MtSinaiDLPFC
DYRK4,0.03,0.81352,MtSinaiDLPFC
CDK13,0.21,0.11874,MtSinaiDLPFC
CDK10,-0.09,0.45671,MtSinaiDLPFC
DYRK2,0.19,0.71892,MtSinaiDLPFC
SRPK2,0.27,0.12651,MtSinaiDLPFC
SRPK1,0.16,0.46951,MtSinaiDLPFC
MAPK12,0.21,0.40277,MtSinaiDLPFC
MOK,-0.02,0.89333,MtSinaiDLPFC
MAPK13,-0.03,0.85717,MtSinaiDLPFC
MAPK10,-0.17,0.24226,MtSinaiDLPFC
MAPK9,-0.14,0.44505,MtSinaiDLPFC
MAPK11,0.03,0.88734,MtSinaiDLPFC
MAPK8,0.12,0.5095,MtSinaiDLPFC
MAPK6,0.02,0.80682,MtSinaiDLPFC
MAPK3,0,0.98921,MtSinaiDLPFC
MAPK1,0.04,0.88371,MtSinaiDLPFC
CDK14,-0.05,0.69025,MtSinaiDLPFC
CDK18,-0.23,0.39294,MtSinaiDLPFC
CDK17,-0.17,0.433,MtSinaiDLPFC
CDK16,0.03,0.89715,MtSinaiDLPFC
CDK5,0.09,0.53787,MtSinaiDLPFC
GSK3B,-0.05,0.80909,MtSinaiDLPFC
GSK3A,0.02,0.84652,MtSinaiDLPFC
DYRK1A,-0.1,0.23605,MtSinaiDLPFC
CSNK2A1,0.02,0.91124,MtSinaiDLPFC
MAPK14,0,0.95176,MtSinaiDLPFC
CLK1,-0.04,0.83865,MtSinaiDLPFC
CDK9,-0.05,0.63565,MtSinaiDLPFC
CDK8,0.04,0.63973,MtSinaiDLPFC
CDK7,0.11,0.4413,MtSinaiDLPFC
CDK6,0.39,0.29998,MtSinaiDLPFC
CDK4,0.86,0.34817,MtSinaiDLPFC
CDK3,0.1,0.52075,MtSinaiDLPFC
CDK2,0.21,0.77829,MtSinaiDLPFC
CLK3,-0.07,0.57229,MtSinaiMTA
CSNK2A2,-0.02,0.84896,MtSinaiMTA
HIPK1,-0.15,0.36216,MtSinaiMTA
CLK4,0.23,0.04649,MtSinaiMTA
CDK12,-0.08,0.61240000000000006,MtSinaiMTA
NLK,0.34,0.14481,MtSinaiMTA
CDKL3,0.1,0.42288,MtSinaiMTA
HIPK2,0.39,0.18813,MtSinaiMTA
CDK19,-0.08,0.59005,MtSinaiMTA
CILK1,-0.62,0.02179,MtSinaiMTA
HIPK3,-0.29,0.27399,MtSinaiMTA
PRPF4B,-0.2,0.03519,MtSinaiMTA
CDKL1,0.02,0.93211,MtSinaiMTA
DYRK4,-0.2,0.1495,MtSinaiMTA
CDK13,-0.28,0.04713,MtSinaiMTA
CDK10,0.1,0.44565,MtSinaiMTA
DYRK2,0.1,0.63862,MtSinaiMTA
SRPK2,0.61,0.01461,MtSinaiMTA
SRPK1,-0.1,0.41008,MtSinaiMTA
MAPK12,0.12,0.32331,MtSinaiMTA
MOK,0.09,0.53542,MtSinaiMTA
MAPK13,-0.04,0.83374,MtSinaiMTA
MAPK10,0.14,0.3918,MtSinaiMTA
MAPK9,0.1,0.61263,MtSinaiMTA
MAPK11,0.46,0.16012,MtSinaiMTA
MAPK8,0.37,0.01182,MtSinaiMTA
MAPK6,-0.16,0.07225,MtSinaiMTA
MAPK3,0.16,0.23197,MtSinaiMTA
MAPK1,-0.14,0.67898,MtSinaiMTA
CDK14,0.08,0.52185,MtSinaiMTA
CDK18,0.15,0.51263,MtSinaiMTA
CDK17,-0.15,0.42421,MtSinaiMTA
CDK16,0.14,0.41406,MtSinaiMTA
CDK5,0.12,0.50927,MtSinaiMTA
GSK3B,0.02,0.9024,MtSinaiMTA
GSK3A,-0.18,0.09653,MtSinaiMTA
DYRK1A,-0.01,0.91778,MtSinaiMTA
CSNK2A1,-0.13,0.33327,MtSinaiMTA
MAPK14,-0.19,0.04275,MtSinaiMTA
CLK1,0.12,0.48466,MtSinaiMTA
CDK9,0.24,0.09795,MtSinaiMTA
CDK8,-0.16,0.17057,MtSinaiMTA
CDK7,-0.01,0.92716,MtSinaiMTA
CDK6,-0.15,0.28724,MtSinaiMTA
CDK4,0.02,0.84921,MtSinaiMTA
CDK3,0.23,0.23394,MtSinaiMTA
CDK2,-0.2,0.39484,MtSinaiMTA
CLK3,-0.08,0.53847,MtSinaiTPA
CSNK2A2,-0.02,0.80117,MtSinaiTPA
HIPK1,-0.28,0.12558,MtSinaiTPA
CLK4,0.11,0.47874,MtSinaiTPA
CDK12,-0.27,0.12385,MtSinaiTPA
NLK,0.68,0.00533,MtSinaiTPA
CDKL3,0.28,0.07068,MtSinaiTPA
HIPK2,-0.01,0.97073,MtSinaiTPA
CDK19,-0.19,0.19233,MtSinaiTPA
CILK1,-0.19,0.25538,MtSinaiTPA
HIPK3,-0.4,0.08808,MtSinaiTPA
PRPF4B,-0.13,0.04203,MtSinaiTPA
CDKL1,-0.06,0.72812,MtSinaiTPA
DYRK4,-0.18,0.0819,MtSinaiTPA
CDK13,-0.36,0.00451,MtSinaiTPA
CDK10,0.14,0.32487,MtSinaiTPA
DYRK2,-0.19,0.36514,MtSinaiTPA
SRPK2,0.69,0.00785,MtSinaiTPA
SRPK1,-0.04,0.738,MtSinaiTPA
MAPK12,0,0.996,MtSinaiTPA
MOK,0.11,0.56723,MtSinaiTPA
MAPK13,0.05,0.73049,MtSinaiTPA
MAPK10,0.13,0.30726,MtSinaiTPA
MAPK9,0.12,0.51305,MtSinaiTPA
MAPK11,0.17,0.43524,MtSinaiTPA
MAPK8,-0.03,0.83297,MtSinaiTPA
MAPK6,-0.08,0.56575,MtSinaiTPA
MAPK3,0.13,0.54354,MtSinaiTPA
MAPK1,0.06,0.78766,MtSinaiTPA
CDK14,0.21,0.01498,MtSinaiTPA
CDK18,-0.24,0.30435,MtSinaiTPA
CDK17,-0.11,0.56575,MtSinaiTPA
CDK16,0.23,0.04239,MtSinaiTPA
CDK5,0.27,0.13102,MtSinaiTPA
GSK3B,0.09,0.69212,MtSinaiTPA
GSK3A,-0.02,0.86233,MtSinaiTPA
DYRK1A,0.01,0.93518,MtSinaiTPA
CSNK2A1,-0.02,0.86786,MtSinaiTPA
MAPK14,-0.14,0.02405,MtSinaiTPA
CLK1,-0.1,0.52682,MtSinaiTPA
CDK9,0.25,0.10463,MtSinaiTPA
CDK8,-0.12,0.20457,MtSinaiTPA
CDK7,0,0.98238,MtSinaiTPA
CDK6,-0.4,0.02306,MtSinaiTPA
CDK4,-0.08,0.48324,MtSinaiTPA
CDK3,-0.1,0.51966,MtSinaiTPA
CDK2,-0.34,0.22919,MtSinaiTPA
CDK15,-0.04,0.12635,Stanley
CSNK2A1,0.01,0.71486,Stanley
CSNK2A2,0.05,0.25412,Stanley
CLK1,-0.02,0.68612,Stanley
CLK2,0.06,0.34077,Stanley
CLK3,0.02,0.65463,Stanley
CLK4,0,0.99776,Stanley
CDK12,-0.03,0.52483,Stanley
CDK20,-0.06,0.08363,Stanley
CDK1,0.02,0.22637,Stanley
CDK13,0.02,0.22819,Stanley
CDK10,-0.04,0.27524,Stanley
CDK19,0.02,0.4677,Stanley
CDK2,0.01,0.62475,Stanley
CDK3,0.01,0.803,Stanley
CDK4,-0.03,0.31293,Stanley
CDK5,-0.03,0.64141,Stanley
CDK6,0.02,0.33294,Stanley
CDK7,-0.03,0.40485,Stanley
CDK8,-0.05,0.05908,Stanley
CDK9,0,0.93199,Stanley
CDKL1,0.01,0.70793,Stanley
CDKL2,0.03,0.13962,Stanley
CDKL3,-0.02,0.69658,Stanley
CDKL5,-0.02,0.64446,Stanley
DYRK1A,0,0.89704,Stanley
DYRK1B,0.02,0.65171,Stanley
DYRK2,0.02,0.34459,Stanley
DYRK3,-0.01,0.6027,Stanley
DYRK4,-0.01,0.80515,Stanley
MAPK15,-0.1,0.53561,Stanley
GSK3A,0,0.94044,Stanley
GSK3B,0.03,0.53395,Stanley
HIPK1,0.02,0.53612,Stanley
HIPK2,0.03,0.1578,Stanley
HIPK3,-0.01,0.58837,Stanley
CILK1,0.01,0.87513,Stanley
MAK,0.03,0.31124,Stanley
MAPK1,-0.06,0.07619,Stanley
MAPK10,-0.01,0.83534,Stanley
MAPK11,-0.01,0.63575,Stanley
MAPK12,-0.01,0.3731,Stanley
MAPK13,-0.01,0.68684,Stanley
MAPK14,0.01,0.78873,Stanley
MAPK3,-0.01,0.87229,Stanley
MAPK4,0.02,0.51335,Stanley
MAPK6,-0.06,0.27877999999999997,Stanley
MAPK7,0.01,0.78817,Stanley
MAPK8,-0.03,0.25079,Stanley
MAPK9,-0.08,0.05883,Stanley
NLK,0.08,0.07438,Stanley
CDK16,-0.04,0.32498,Stanley
CDK17,-0.04,0.19322,Stanley
CDK18,0.05,0.40395,Stanley
CDK14,-0.03,0.52469,Stanley
PRPF4B,-0.03,0.30808,Stanley
MOK,0.04,0.40232,Stanley
SRPK3,0,0.9579,Stanley
SRPK1,0.02,0.50254,Stanley
SRPK2,0,0.88092,Stanley
CDKL2,-0.06,0.00185,CommonMind_DLPFC
PRPF4B,-0.03,0.0038,CommonMind_DLPFC
DYRK2,0.05,0.00457,CommonMind_DLPFC
CDK14,-0.04,0.00536,CommonMind_DLPFC
CDKL1,-0.05,0.00542,CommonMind_DLPFC
DYRK3,0.06,0.01489,CommonMind_DLPFC
CDK1,-0.1,0.04668,CommonMind_DLPFC
HIPK3,-0.02,0.0576,CommonMind_DLPFC
CDK6,0.03,0.08385,CommonMind_DLPFC
NLK,-0.02,0.09012,CommonMind_DLPFC
SRPK1,-0.02,0.09103,CommonMind_DLPFC
MAPK7,0.04,0.09215,CommonMind_DLPFC
CDK9,0.02,0.09456,CommonMind_DLPFC
CLK2,0.02,0.1026,CommonMind_DLPFC
CDK18,0.05,0.1083,CommonMind_DLPFC
MAPK4,-0.03,0.1152,CommonMind_DLPFC
CSNK2A2,-0.02,0.1224,CommonMind_DLPFC
MOK,0.02,0.1229,CommonMind_DLPFC
CDKL5,-0.02,0.137,CommonMind_DLPFC
CDK7,-0.02,0.1481,CommonMind_DLPFC
CDK17,-0.01,0.1774,CommonMind_DLPFC
CLK4,-0.02,0.2093,CommonMind_DLPFC
MAK,-0.04,0.21560000000000001,CommonMind_DLPFC
MAPK3,0.03,0.2231,CommonMind_DLPFC
CDK16,-0.02,0.2252,CommonMind_DLPFC
MAPK13,-0.03,0.2289,CommonMind_DLPFC
CDK4,-0.02,0.245,CommonMind_DLPFC
CDK2,-0.04,0.2936,CommonMind_DLPFC
CDK10,0.02,0.3149,CommonMind_DLPFC
GSK3A,-0.02,0.3242,CommonMind_DLPFC
DYRK4,0.02,0.3393,CommonMind_DLPFC
MAPK12,-0.02,0.3406,CommonMind_DLPFC
MAPK11,0.01,0.3665,CommonMind_DLPFC
CDKL3,-0.01,0.4182,CommonMind_DLPFC
SRPK2,0.01,0.4219,CommonMind_DLPFC
MAPK14,-0.01,0.4351,CommonMind_DLPFC
CDKL4,-0.03,0.479,CommonMind_DLPFC
CDK13,0.01,0.4842,CommonMind_DLPFC
CDK20,0.01,0.4901,CommonMind_DLPFC
MAPK10,-0.01,0.5061,CommonMind_DLPFC
DYRK1B,-0.01,0.5165,CommonMind_DLPFC
CILK1,0.01,0.5189,CommonMind_DLPFC
MAPK1,-0.01,0.551,CommonMind_DLPFC
CLK1,0.01,0.5879,CommonMind_DLPFC
GSK3B,0,0.6122,CommonMind_DLPFC
CDK8,-0.01,0.6206,CommonMind_DLPFC
HIPK2,0.01,0.6508,CommonMind_DLPFC
DYRK1A,0,0.7027,CommonMind_DLPFC
MAPK6,0,0.7054,CommonMind_DLPFC
CLK3,0,0.7836,CommonMind_DLPFC
HIPK1,0,0.7956,CommonMind_DLPFC
CDK12,0,0.8032,CommonMind_DLPFC
SRPK3,-0.01,0.8042,CommonMind_DLPFC
CDK19,0,0.8622,CommonMind_DLPFC
CSNK2A1,0,0.8853,CommonMind_DLPFC
HIPK4,0,0.888,CommonMind_DLPFC
CDK5,0,0.8928,CommonMind_DLPFC
MAPK9,0,0.9714,CommonMind_DLPFC
MAPK8,0,0.9784,CommonMind_DLPFC
CDK17,0.16,0.05721,Deep_Neurons
CDK8,0.16,0.09134,Deep_Neurons
CDK18,-0.08,0.20656,Deep_Neurons
CDK5,0.12,0.23589,Deep_Neurons
GSK3B,0.15,0.25461,Deep_Neurons
DYRK1B,0.1,0.26516,Deep_Neurons
CLK4,0.1,0.35942,Deep_Neurons
HIPK1,-0.07,0.35987,Deep_Neurons
NLK,0.13,0.37968,Deep_Neurons
CDK6,0.06,0.39613,Deep_Neurons
MAPK4,-0.05,0.39773,Deep_Neurons
CDK20,0.05,0.40708,Deep_Neurons
CDK1,0.07,0.42044,Deep_Neurons
CSNK2A1,0.07,0.43027,Deep_Neurons
DYRK2,0.08,0.43199,Deep_Neurons
MAPK11,0.07,0.44582,Deep_Neurons
CDK4,0.07,0.46513,Deep_Neurons
MAPK3,0.06,0.51144,Deep_Neurons
CDKL1,-0.05,0.51836,Deep_Neurons
MAPK14,-0.04,0.54319,Deep_Neurons
CLK2,0.06,0.56832,Deep_Neurons
CDK12,-0.04,0.58372,Deep_Neurons
SRPK1,-0.04,0.58438,Deep_Neurons
MAPK8,0.06,0.58959,Deep_Neurons
MAPK9,0.1,0.59642,Deep_Neurons
MAPK7,-0.05,0.59936,Deep_Neurons
CDK10,-0.03,0.63394,Deep_Neurons
CDK9,0.04,0.65101,Deep_Neurons
CSNK2A2,0.04,0.66741,Deep_Neurons
MAPK15,-0.03,0.68283,Deep_Neurons
CDK2,0.03,0.70608,Deep_Neurons
CDK14,0.04,0.73386,Deep_Neurons
HIPK2,0.03,0.73423,Deep_Neurons
SRPK2,0.04,0.73871,Deep_Neurons
CLK3,-0.02,0.74288,Deep_Neurons
CDK13,0.03,0.74948,Deep_Neurons
PRPF4B,-0.02,0.75613,Deep_Neurons
CDKL2,0.03,0.7575,Deep_Neurons
DYRK4,0.03,0.76339,Deep_Neurons
CDK19,-0.03,0.76674,Deep_Neurons
DYRK1A,-0.02,0.77879,Deep_Neurons
MAPK1,0.02,0.78343,Deep_Neurons
CLK1,-0.03,0.7967,Deep_Neurons
MAPK6,0.03,0.79737,Deep_Neurons
MAPK12,-0.02,0.83511,Deep_Neurons
CILK1,0.02,0.84488,Deep_Neurons
MAPK13,-0.01,0.84902,Deep_Neurons
HIPK3,-0.02,0.85303,Deep_Neurons
MAK,0.01,0.86434,Deep_Neurons
HIPK4,-0.01,0.8813,Deep_Neurons
GSK3A,0.01,0.88685,Deep_Neurons
MOK,-0.01,0.89978,Deep_Neurons
CDK7,0.01,0.91315,Deep_Neurons
CDK3,0.01,0.92401,Deep_Neurons
CDK15,0,0.96049,Deep_Neurons
CDKL4,0,0.96257,Deep_Neurons
DYRK3,0,0.98367,Deep_Neurons
MAPK8,-0.06,0.76878,Superficial_Neurons
HIPK1,-0.06,0.41731,Superficial_Neurons
CDK18,-0.11,0.1225,Superficial_Neurons
DYRK3,0,0.96997,Superficial_Neurons
CLK2,0.07,0.49919,Superficial_Neurons
CDK1,0.06,0.47984,Superficial_Neurons
HIPK3,-0.01,0.93199,Superficial_Neurons
CSNK2A1,0.05,0.78285,Superficial_Neurons
DYRK4,0.04,0.74492,Superficial_Neurons
CDK2,0.01,0.8893,Superficial_Neurons
DYRK2,0.08,0.46354,Superficial_Neurons
CDK4,0.08,0.38667,Superficial_Neurons
CDK17,0.16,0.05907,Superficial_Neurons
CDK8,0.14,0.13127,Superficial_Neurons
CDKL1,-0.03,0.63905,Superficial_Neurons
MOK,-0.02,0.81615,Superficial_Neurons
MAPK6,0.03,0.80053,Superficial_Neurons
CLK3,-0.02,0.77041,Superficial_Neurons
CDK10,-0.04,0.56548,Superficial_Neurons
MAPK3,0.05,0.58117,Superficial_Neurons
CSNK2A2,0.04,0.73315,Superficial_Neurons
MAPK7,-0.09,0.37812,Superficial_Neurons
NLK,0.12,0.4005,Superficial_Neurons
CDK12,-0.04,0.61316,Superficial_Neurons
CDK3,0.01,0.91561,Superficial_Neurons
MAPK4,-0.05,0.4664,Superficial_Neurons
DYRK1B,0.09,0.31452,Superficial_Neurons
HIPK4,-0.02,0.79865,Superficial_Neurons
GSK3A,0.01,0.92868,Superficial_Neurons
CDK15,0.01,0.86637,Superficial_Neurons
CDKL4,0.01,0.87916,Superficial_Neurons
CLK1,-0.05,0.69027,Superficial_Neurons
DYRK1A,-0.02,0.82794,Superficial_Neurons
MAPK1,0.01,0.90685,Superficial_Neurons
MAPK12,0,0.98109,Superficial_Neurons
MAPK11,0.08,0.40879,Superficial_Neurons
GSK3B,0.15,0.27024,Superficial_Neurons
CDKL2,0.03,0.8085,Superficial_Neurons
CLK4,0.1,0.36711,Superficial_Neurons
MAPK9,0.1,0.62753,Superficial_Neurons
PRPF4B,-0.02,0.79246,Superficial_Neurons
MAPK14,-0.03,0.71361,Superficial_Neurons
MAPK13,-0.02,0.83298,Superficial_Neurons
MAK,0.01,0.85165,Superficial_Neurons
SRPK1,-0.03,0.66474,Superficial_Neurons
CILK1,0.04,0.68055,Superficial_Neurons
CDK19,-0.04,0.69299,Superficial_Neurons
CDK13,0.03,0.71295,Superficial_Neurons
CDK14,0.03,0.78554,Superficial_Neurons
CDK6,0.08,0.30807,Superficial_Neurons
SRPK2,0.02,0.85022,Superficial_Neurons
HIPK2,0.03,0.76012,Superficial_Neurons
CDK5,0.14,0.18988,Superficial_Neurons
MAPK15,-0.03,0.61845,Superficial_Neurons
CDK9,0.04,0.68306,Superficial_Neurons
CDK20,0.05,0.414,Superficial_Neurons
CDK7,0.02,0.78666,Superficial_Neurons
CDK17,0.32,0.01163,Superficial_Deep_Neurons
CDK8,0.3,0.03256,Superficial_Deep_Neurons
CDK18,-0.19,0.05917,Superficial_Deep_Neurons
CDK5,0.26,0.09312,Superficial_Deep_Neurons
GSK3B,0.3,0.13146,Superficial_Deep_Neurons
DYRK1B,0.19,0.15368,Superficial_Deep_Neurons
CDK6,0.14,0.20714,Superficial_Deep_Neurons
CLK4,0.19,0.22013,Superficial_Deep_Neurons
HIPK1,-0.13,0.24448,Superficial_Deep_Neurons
NLK,0.25,0.24624,Superficial_Deep_Neurons
CDK20,0.09,0.2667,Superficial_Deep_Neurons
CDK4,0.15,0.28058,Superficial_Deep_Neurons
MAPK11,0.15,0.28327,Superficial_Deep_Neurons
MAPK4,-0.1,0.28853,Superficial_Deep_Neurons
CSNK2A1,0.14,0.29446,Superficial_Deep_Neurons
DYRK2,0.15,0.30538,Superficial_Deep_Neurons
CDK1,0.13,0.30771,Superficial_Deep_Neurons
MAPK7,-0.15,0.33972,Superficial_Deep_Neurons
CLK2,0.14,0.39894,Superficial_Deep_Neurons
MAPK3,0.1,0.41475,Superficial_Deep_Neurons
CDKL1,-0.08,0.45211,Superficial_Deep_Neurons
CDK12,-0.09,0.47651,Superficial_Deep_Neurons
CDK10,-0.06,0.4766,Superficial_Deep_Neurons
MAPK8,0.12,0.48408,Superficial_Deep_Neurons
MAPK9,0.2,0.49286,Superficial_Deep_Neurons
SRPK1,-0.07,0.50809,Superficial_Deep_Neurons
MAPK14,-0.07,0.51125,Superficial_Deep_Neurons
MAPK15,-0.06,0.539,Superficial_Deep_Neurons
CDK9,0.08,0.56074,Superficial_Deep_Neurons
CSNK2A2,0.08,0.60274,Superficial_Deep_Neurons
CDK19,-0.07,0.63904,Superficial_Deep_Neurons
CDK13,0.06,0.64149,Superficial_Deep_Neurons
CLK1,-0.08,0.65585,Superficial_Deep_Neurons
HIPK2,0.06,0.66282,Superficial_Deep_Neurons
DYRK4,0.07,0.67142,Superficial_Deep_Neurons
CLK3,-0.04,0.67512,Superficial_Deep_Neurons
CILK1,0.05,0.67917,Superficial_Deep_Neurons
CDK14,0.07,0.67922,Superficial_Deep_Neurons
PRPF4B,-0.04,0.69818,Superficial_Deep_Neurons
CDKL2,0.06,0.70966,Superficial_Deep_Neurons
SRPK2,0.06,0.72483,Superficial_Deep_Neurons
CDK2,0.04,0.72866,Superficial_Deep_Neurons
MAPK6,0.05,0.73026,Superficial_Deep_Neurons
DYRK1A,-0.04,0.73645,Superficial_Deep_Neurons
HIPK4,-0.04,0.78333,Superficial_Deep_Neurons
MAPK13,-0.03,0.78572,Superficial_Deep_Neurons
MAPK1,0.03,0.79213,Superficial_Deep_Neurons
CDK7,0.03,0.7957,Superficial_Deep_Neurons
MAPK12,-0.03,0.79979,Superficial_Deep_Neurons
MOK,-0.03,0.80732,Superficial_Deep_Neurons
MAK,0.03,0.80842,Superficial_Deep_Neurons
HIPK3,-0.03,0.8555,Superficial_Deep_Neurons
GSK3A,0.02,0.87576,Superficial_Deep_Neurons
CDK15,0.02,0.88169,Superficial_Deep_Neurons
CDK3,0.02,0.89146,Superficial_Deep_Neurons
CDKL4,0.01,0.94147,Superficial_Deep_Neurons
DYRK3,0.01,0.96846,Superficial_Deep_Neurons
MOK,0.37,8.1e-4,Lewis_2017_L3
MAPK12,-0.77,0.00244,Lewis_2017_L3
CLK4,0.53,0.00746,Lewis_2017_L3
CDK5,-0.54,0.01809,Lewis_2017_L3
CDK17,0.18,0.03435,Lewis_2017_L3
CDK10,-0.23,0.04455,Lewis_2017_L3
MAK,0.13,0.05282,Lewis_2017_L3
CDKL1,-0.53,0.08262,Lewis_2017_L3
HIPK2,0.34,0.09345,Lewis_2017_L3
MAPK8,-0.15,0.11224,Lewis_2017_L3
CDKL3,0.3,0.11783,Lewis_2017_L3
CDK14,-0.13,0.133,Lewis_2017_L3
SRPK2,-0.17,0.13924,Lewis_2017_L3
MAPK11,0.18,0.14916,Lewis_2017_L3
MAPK14,0.24,0.15375,Lewis_2017_L3
MAPK3,0.38,0.1582,Lewis_2017_L3
MAPK10,0.13,0.16647,Lewis_2017_L3
CDK8,-0.28,0.16851,Lewis_2017_L3
DYRK2,-0.27,0.19253,Lewis_2017_L3
CDK3,-0.11,0.22099,Lewis_2017_L3
CDK1,-0.26,0.2581,Lewis_2017_L3
DYRK1B,0.08,0.26273,Lewis_2017_L3
CDK12,0.27,0.26437,Lewis_2017_L3
GSK3B,-0.13,0.31034,Lewis_2017_L3
HIPK1,0.09,0.32352,Lewis_2017_L3
CDK15,0.06,0.33297,Lewis_2017_L3
DYRK1A,0.08,0.33954,Lewis_2017_L3
MAPK1,0.08,0.34203,Lewis_2017_L3
CDK6,0.42,0.34749,Lewis_2017_L3
CLK3,-0.18,0.35618,Lewis_2017_L3
HIPK3,0.18,0.38266,Lewis_2017_L3
CILK1,-0.3,0.40415,Lewis_2017_L3
CSNK2A1,-0.2,0.42606,Lewis_2017_L3
CDK7,-0.22,0.44166,Lewis_2017_L3
CLK1,-0.25,0.46501,Lewis_2017_L3
CDK13,-0.2,0.47203,Lewis_2017_L3
CDK9,0.15,0.49859,Lewis_2017_L3
MAPK7,0.11,0.50702,Lewis_2017_L3
SRPK3,0.04,0.58434,Lewis_2017_L3
MAPK15,-0.03,0.62833,Lewis_2017_L3
NLK,0.03,0.65682,Lewis_2017_L3
DYRK4,0.12,0.66943,Lewis_2017_L3
CDK20,0.13,0.67164,Lewis_2017_L3
MAPK9,-0.04,0.68575,Lewis_2017_L3
CDK2,0.02,0.71068,Lewis_2017_L3
CDKL2,0.07,0.74346,Lewis_2017_L3
CLK2,0.11,0.74927,Lewis_2017_L3
MAPK6,0.03,0.7612,Lewis_2017_L3
MAPK13,-0.06,0.76868,Lewis_2017_L3
HIPK4,0.03,0.77355,Lewis_2017_L3
CDKL4,0.01,0.80634,Lewis_2017_L3
PRPF4B,0.05,0.80839,Lewis_2017_L3
MAPK4,0.04,0.81006,Lewis_2017_L3
CDK19,-0.07,0.81109,Lewis_2017_L3
SRPK1,-0.04,0.82204,Lewis_2017_L3
CDK4,-0.03,0.86848,Lewis_2017_L3
CDKL5,-0.01,0.88891,Lewis_2017_L3
DYRK3,0.01,0.94516,Lewis_2017_L3
CDK16,-0.01,0.96107,Lewis_2017_L3
GSK3A,0.01,0.96439,Lewis_2017_L3
CSNK2A2,0,0.9906,Lewis_2017_L3
CDK18,0,0.99112,Lewis_2017_L3
CLK3,-0.6,0.00396,Lewis_2017_L5
HIPK2,-0.55,0.01027,Lewis_2017_L5
DYRK4,-0.71,0.01517,Lewis_2017_L5
MAPK11,-0.3,0.02074,Lewis_2017_L5
CDK5,-0.55,0.02331,Lewis_2017_L5
MAPK10,0.22,0.02786,Lewis_2017_L5
CDKL2,-0.47,0.03638,Lewis_2017_L5
MAPK3,0.56,0.04599,Lewis_2017_L5
CDK12,-0.45,0.07662,Lewis_2017_L5
CDK15,0.11,0.09228,Lewis_2017_L5
MOK,0.19,0.09741,Lewis_2017_L5
CDK10,0.19,0.10861,Lewis_2017_L5
HIPK4,0.18,0.11926,Lewis_2017_L5
MAPK7,-0.23,0.16552,Lewis_2017_L5
GSK3A,0.19,0.18061,Lewis_2017_L5
MAPK4,-0.23,0.20579,Lewis_2017_L5
NLK,0.07,0.27516,Lewis_2017_L5
SRPK2,-0.12,0.29641,Lewis_2017_L5
MAPK14,-0.18,0.30408,Lewis_2017_L5
CDK6,0.47,0.31664,Lewis_2017_L5
CDK13,0.29,0.31866,Lewis_2017_L5
MAPK15,0.07,0.32435,Lewis_2017_L5
DYRK3,0.19,0.328,Lewis_2017_L5
CILK1,-0.35,0.3602,Lewis_2017_L5
MAK,0.07,0.36297,Lewis_2017_L5
MAPK13,0.17,0.40161,Lewis_2017_L5
CDK16,-0.18,0.42539,Lewis_2017_L5
CDKL3,-0.1,0.43847,Lewis_2017_L5
CDK3,0.07,0.45643,Lewis_2017_L5
CDK2,0.04,0.46897,Lewis_2017_L5
DYRK2,-0.16,0.47322,Lewis_2017_L5
CLK4,0.15,0.47791,Lewis_2017_L5
CDK7,-0.2,0.49595,Lewis_2017_L5
CDKL5,0.04,0.50409,Lewis_2017_L5
CDK4,0.12,0.51403,Lewis_2017_L5
MAPK9,-0.07,0.52262,Lewis_2017_L5
HIPK1,0.06,0.56012,Lewis_2017_L5
CDKL1,-0.17,0.59122,Lewis_2017_L5
SRPK3,0.04,0.60608,Lewis_2017_L5
CDK14,-0.04,0.64705,Lewis_2017_L5
CLK1,0.16,0.65292,Lewis_2017_L5
CDK20,-0.13,0.68072,Lewis_2017_L5
HIPK3,0.08,0.71463,Lewis_2017_L5
MAPK12,-0.03,0.71917,Lewis_2017_L5
CSNK2A1,0.08,0.75056,Lewis_2017_L5
PRPF4B,0.06,0.75264,Lewis_2017_L5
CDKL4,0.02,0.75385,Lewis_2017_L5
MAPK1,-0.03,0.75524,Lewis_2017_L5
DYRK1A,-0.03,0.75988,Lewis_2017_L5
CSNK2A2,0.06,0.76729,Lewis_2017_L5
CDK8,-0.05,0.82102,Lewis_2017_L5
GSK3B,-0.03,0.84927,Lewis_2017_L5
MAPK8,0.02,0.85151,Lewis_2017_L5
CDK1,-0.04,0.86806,Lewis_2017_L5
CLK2,-0.06,0.87322,Lewis_2017_L5
CDK19,-0.03,0.91294,Lewis_2017_L5
CDK18,-0.01,0.93235,Lewis_2017_L5
CDK17,0.01,0.94475,Lewis_2017_L5
DYRK1B,0,0.94688,Lewis_2017_L5
SRPK1,0,0.97751,Lewis_2017_L5
CDK9,0,0.98901,Lewis_2017_L5
MAPK6,0,0.99305,Lewis_2017_L5
CDK5,-0.4,0.00105,Lewis_2015_L3
CDK13,0.39,0.00121,Lewis_2015_L3
MAPK8,-0.2,0.00199,Lewis_2015_L3
CDK6,0.69,0.0088,Lewis_2015_L3
HIPK1,0.14,0.0259,Lewis_2015_L3
DYRK2,-0.36,0.02956,Lewis_2015_L3
DYRK1B,0.16,0.03406,Lewis_2015_L3
CLK4,0.26,0.04346,Lewis_2015_L3
CDK7,-0.3,0.08511,Lewis_2015_L3
CDKL2,-0.24,0.090939999999999993,Lewis_2015_L3
MAPK11,0.09,0.10555,Lewis_2015_L3
MAPK12,-0.12,0.10807,Lewis_2015_L3
GSK3A,0.18,0.13064,Lewis_2015_L3
HIPK2,0.13,0.19484,Lewis_2015_L3
MAK,0.11,0.20212,Lewis_2015_L3
SRPK2,-0.14,0.20213,Lewis_2015_L3
CSNK2A1,-0.1,0.20614,Lewis_2015_L3
CDK14,-0.11,0.21004,Lewis_2015_L3
MAPK15,0.05,0.21115,Lewis_2015_L3
CDK18,0.17,0.21147,Lewis_2015_L3
CDK12,0.17,0.22405,Lewis_2015_L3
CDK3,-0.1,0.25201,Lewis_2015_L3
MAPK7,-0.1,0.25647,Lewis_2015_L3
CDK9,0.32,0.26424,Lewis_2015_L3
CDK20,-0.13,0.31281,Lewis_2015_L3
SRPK3,0.07,0.33089,Lewis_2015_L3
CDK15,0.09,0.36975,Lewis_2015_L3
DYRK3,0.07,0.39528,Lewis_2015_L3
CLK2,-0.12,0.4126,Lewis_2015_L3
CSNK2A2,0.09,0.42046,Lewis_2015_L3
CDK4,0.16,0.43159,Lewis_2015_L3
CDK2,0.07,0.4446,Lewis_2015_L3
MAPK4,-0.16,0.46781,Lewis_2015_L3
HIPK4,-0.1,0.47282,Lewis_2015_L3
CDK10,0.11,0.47385,Lewis_2015_L3
MAPK10,0.09,0.49102,Lewis_2015_L3
GSK3B,-0.07,0.49333,Lewis_2015_L3
CDK1,-0.08,0.52193,Lewis_2015_L3
CDKL5,-0.08,0.52966,Lewis_2015_L3
CLK3,-0.06,0.53022,Lewis_2015_L3
CDKL3,-0.13,0.5597,Lewis_2015_L3
CDK8,-0.09,0.5716,Lewis_2015_L3
MAPK14,-0.05,0.62021,Lewis_2015_L3
HIPK3,0.05,0.64711,Lewis_2015_L3
CDKL1,0.08,0.66496,Lewis_2015_L3
CDK17,-0.03,0.67346,Lewis_2015_L3
CDK19,-0.05,0.73177,Lewis_2015_L3
DYRK4,-0.04,0.76076,Lewis_2015_L3
NLK,-0.01,0.78145,Lewis_2015_L3
CLK1,-0.05,0.79885,Lewis_2015_L3
MAPK6,-0.03,0.799,Lewis_2015_L3
MAPK1,0.01,0.80234,Lewis_2015_L3
SRPK1,-0.02,0.80701,Lewis_2015_L3
MAPK3,0.02,0.84732,Lewis_2015_L3
MOK,-0.02,0.85249,Lewis_2015_L3
MAPK9,0.01,0.85344,Lewis_2015_L3
DYRK1A,-0.01,0.85943,Lewis_2015_L3
CDK16,0.01,0.92243,Lewis_2015_L3
MAPK13,0.01,0.94751,Lewis_2015_L3
CILK1,0.01,0.95669,Lewis_2015_L3
PRPF4B,0,0.98223,Lewis_2015_L3
CDK5,-0.49,8e-5,Lewis_2015_L5
MAPK8,-0.26,9e-5,Lewis_2015_L5
CDK13,0.36,0.00328,Lewis_2015_L5
MAPK11,0.16,0.00896,Lewis_2015_L5
CDK7,-0.45,0.00955,Lewis_2015_L5
MAPK9,-0.19,0.01198,Lewis_2015_L5
GSK3A,0.3,0.0149,Lewis_2015_L5
CLK4,0.29,0.02752,Lewis_2015_L5
CSNK2A2,0.24,0.02815,Lewis_2015_L5
MAPK7,0.19,0.02834,Lewis_2015_L5
CDK19,0.31,0.03848,Lewis_2015_L5
DYRK2,-0.32,0.05864,Lewis_2015_L5
SRPK2,-0.2,0.06485,Lewis_2015_L5
CILK1,-0.23,0.06787,Lewis_2015_L5
CDKL3,-0.39,0.08611,Lewis_2015_L5
MAPK15,0.07,0.09072,Lewis_2015_L5
CDK10,0.25,0.0988,Lewis_2015_L5
GSK3B,-0.17,0.11302,Lewis_2015_L5
CDK1,-0.2,0.12596,Lewis_2015_L5
CDKL2,-0.22,0.12768,Lewis_2015_L5
CDK14,-0.12,0.1499,Lewis_2015_L5
CDK4,-0.24,0.22425,Lewis_2015_L5
MAPK12,-0.09,0.23838,Lewis_2015_L5
CSNK2A1,-0.09,0.27183,Lewis_2015_L5
CDK18,0.15,0.27698,Lewis_2015_L5
DYRK3,0.08,0.29093,Lewis_2015_L5
CLK3,-0.11,0.30083,Lewis_2015_L5
CDK16,-0.15,0.30956,Lewis_2015_L5
HIPK2,0.1,0.3195,Lewis_2015_L5
HIPK3,-0.11,0.36193,Lewis_2015_L5
CDK9,0.25,0.37898,Lewis_2015_L5
MAPK4,0.18,0.40765,Lewis_2015_L5
CLK1,0.16,0.4094,Lewis_2015_L5
MAPK13,-0.09,0.44832,Lewis_2015_L5
MAK,0.07,0.45964,Lewis_2015_L5
CDKL5,-0.09,0.46565,Lewis_2015_L5
MAPK6,-0.09,0.47148,Lewis_2015_L5
HIPK1,0.04,0.47342,Lewis_2015_L5
CDK8,-0.12,0.48032,Lewis_2015_L5
MOK,0.07,0.52276,Lewis_2015_L5
HIPK4,0.08,0.53423,Lewis_2015_L5
CDK3,0.08,0.5822,Lewis_2015_L5
PRPF4B,-0.09,0.59615,Lewis_2015_L5
CDK20,-0.06,0.61538,Lewis_2015_L5
CDK6,0.13,0.6276,Lewis_2015_L5
CLK2,0.07,0.64975,Lewis_2015_L5
CDK2,0.04,0.67215,Lewis_2015_L5
CDK15,0.04,0.6778,Lewis_2015_L5
DYRK1A,-0.03,0.68616,Lewis_2015_L5
MAPK14,0.04,0.71045,Lewis_2015_L5
MAPK10,-0.04,0.7417,Lewis_2015_L5
DYRK4,-0.04,0.75788,Lewis_2015_L5
CDKL1,0.06,0.75983,Lewis_2015_L5
MAPK1,0.01,0.78324,Lewis_2015_L5
SRPK1,0.02,0.82487,Lewis_2015_L5
SRPK3,0.01,0.84477,Lewis_2015_L5
DYRK1B,0.01,0.86549,Lewis_2015_L5
NLK,0.01,0.91508,Lewis_2015_L5
CDK17,0,0.9353,Lewis_2015_L5
CDK12,-0.01,0.95302,Lewis_2015_L5
MAPK3,0,0.96714,Lewis_2015_L5
HIPK3,0,0.0689,barnesAll
HIPK1,0.29,0.12171,barnesAll
MAPK3,0.22,0.01819,barnesAll
DYRK1A,-0.28,0.14991,barnesAll
CDK10,0.15,0.19995,barnesAll
CDK12,0.01,0.31489,barnesAll
MAPK1,0.07,0.34519,barnesAll
MAPK14,0.21,0.21616,barnesAll
GSK3B,0.2,0.24133,barnesAll
MAPK12,1.04,0.15233,barnesAll
DYRK2,0.05,0.31761,barnesAll
HIPK4,0.17,0.11623,barnesAll
MAPK15,0.32,0.33393,barnesAll
CDK18,-0.29,0.12814,barnesAll
MAK,-0.85,0.10268,barnesAll
MOK,0.12,0.15204,barnesAll
CDK13,0.02,0.43365,barnesAll
CDK15,-1.39,0.24346,barnesAll
CDK1,-0.16,0.41578,barnesAll
CILK1,0.32,0.22553,barnesAll
CLK2,0.22,0.22597,barnesAll
CDK9,-0.34,0.35107,barnesAll
CSNK2A1,-0.06,0.51486,barnesAll
MAPK6,-0.33,0.36975,barnesAll
CLK1,0.18,0.25913,barnesAll
SRPK1,0.07,0.46495,barnesAll
HIPK2,0.07,0.62019,barnesAll
CSNK2A2,0.03,0.43888,barnesAll
CLK4,0.01,0.54109,barnesAll
CDK3,0.19,0.318,barnesAll
CDKL5,0.58,0.54365,barnesAll
MAPK11,-0.28,0.73357000000000006,barnesAll
CDKL2,-0.31,0.67701,barnesAll
CDK6,-0.09,0.84878,barnesAll
SRPK2,-0.07,0.63801,barnesAll
MAPK7,0.22,0.83447,barnesAll
PRPF4B,0.05,0.57613,barnesAll
CDK8,0.1,0.43356,barnesAll
MAPK8,-0.04,0.59814,barnesAll
DYRK3,0.04,0.80947,barnesAll
GSK3A,-0.08,0.52158,barnesAll
CDK16,0.02,0.70606,barnesAll
CDK14,0.04,0.56585,barnesAll
DYRK1B,0.04,0.5767,barnesAll
MAPK10,-0.05,0.71742,barnesAll
SRPK3,-0.11,0.87754,barnesAll
MAPK9,-0.09,0.66017,barnesAll
CDKL3,0.03,0.59372,barnesAll
CDK17,0.08,0.52178,barnesAll
CDK19,0.03,0.74982,barnesAll
NLK,-0.09,0.55932,barnesAll
CDK7,-0.17,0.55433,barnesAll
MAPK13,-0.08,0.71401,barnesAll
CDK2,-0.06,0.69169,barnesAll
MAPK4,-0.11,0.83244,barnesAll
CDK4,0.03,0.70152,barnesAll
CDKL1,-0.03,0.94866,barnesAll
CDK5,-0.06,0.77069,barnesAll
CDK20,0.03,0.93463,barnesAll
CLK3,-0.02,0.89649,barnesAll
DYRK4,0.01,0.97703,barnesAll
CDK1,-0.54,0.17424,barnesFemale
HIPK2,0.31,0.20453,barnesFemale
CDK6,-0.22,0.30745,barnesFemale
HIPK1,0.25,0.19721,barnesFemale
HIPK3,-0.07,0.26336,barnesFemale
CLK2,0.41,0.08523,barnesFemale
MAPK1,-0.17,0.51909,barnesFemale
CLK4,0.29,0.45279,barnesFemale
DYRK2,0.06,0.26181,barnesFemale
CLK1,0.3,0.11821,barnesFemale
DYRK1B,-0.42,0.26788,barnesFemale
CDK13,0.17,0.39277,barnesFemale
CDK10,0.11,0.36146,barnesFemale
CSNK2A1,-0.13,0.41045,barnesFemale
CDK19,0.18,0.32243,barnesFemale
MAPK9,-0.25,0.38222,barnesFemale
DYRK1A,-0.56,0.43149,barnesFemale
MAPK12,1.65,0.34395,barnesFemale
MAPK11,-0.88,0.22059,barnesFemale
SRPK2,0.02,0.49375,barnesFemale
SRPK1,0.03,0.30957,barnesFemale
CDK15,0.86,0.09077,barnesFemale
MAPK4,-0.08,0.30594,barnesFemale
CDK9,-0.53,0.46894,barnesFemale
MAPK14,0.11,0.5532,barnesFemale
GSK3B,-0.05,0.58384,barnesFemale
DYRK3,0.35,0.42979,barnesFemale
MAPK6,-0.41,0.40105,barnesFemale
CDK12,0,0.5048,barnesFemale
MAPK3,0.14,0.31424,barnesFemale
PRPF4B,0.04,0.56273,barnesFemale
NLK,0.14,0.32216,barnesFemale
CDK16,0.07,0.55932,barnesFemale
MAPK7,0.43,0.59784,barnesFemale
MAPK13,-0.3,0.4623,barnesFemale
CDK2,0.01,0.52799,barnesFemale
CDKL3,0.2,0.59385,barnesFemale
MAK,-0.75,0.42549,barnesFemale
CDK14,0.11,0.43542,barnesFemale
CDKL5,-0.12,0.73061,barnesFemale
CDKL2,-0.21,0.74755,barnesFemale
GSK3A,-0.15,0.37065,barnesFemale
CDKL1,0.49,0.39036,barnesFemale
MAPK8,-0.11,0.55002,barnesFemale
MAPK10,-0.11,0.56716,barnesFemale
CDK20,-0.4,0.40322,barnesFemale
CDK8,0.1,0.61891,barnesFemale
CILK1,0.41,0.541,barnesFemale
CSNK2A2,-0.01,0.53752,barnesFemale
DYRK4,0.21,0.49801,barnesFemale
CLK3,0.03,0.67624,barnesFemale
HIPK4,0.11,0.52048,barnesFemale
CDK7,-0.2,0.53464,barnesFemale
SRPK3,-0.04,0.9667,barnesFemale
MOK,0.08,0.60061,barnesFemale
CDK5,-0.15,0.60852,barnesFemale
CDK17,-0.04,0.79635,barnesFemale
MAPK15,0,0.96929,barnesFemale
CDK4,0.03,0.81363,barnesFemale
CDK18,-0.05,0.87437,barnesFemale
CDK3,0.02,0.90458,barnesFemale
MAPK1,0.21,0.16655,barnesMale
DYRK1A,-0.09,0.16276,barnesMale
CDK18,-0.52,0.03354,barnesMale
MAPK3,0.3,0.03366,barnesMale
GSK3B,0.43,0.19379,barnesMale
CILK1,0.24,0.11143,barnesMale
CDK12,0.03,0.25321,barnesMale
HIPK3,0.07,0.19538,barnesMale
CLK4,-0.23,0.26399,barnesMale
HIPK1,0.32,0.32404,barnesMale
MAPK15,0.55,0.26728,barnesMale
CDK9,-0.28,0.30665,barnesMale
CDK6,0.28,0.23799,barnesMale
CDK16,-0.02,0.28024,barnesMale
DYRK1B,0.4,0.2533,barnesMale
CDK13,-0.1,0.56161,barnesMale
CDK15,-3.22,0.1247,barnesMale
MAK,-0.94,0.13055,barnesMale
SRPK2,-0.13,0.45219,barnesMale
HIPK4,0.23,0.12254,barnesMale
CDK17,0.17,0.20831,barnesMale
MAPK14,0.3,0.27272,barnesMale
MOK,0.15,0.16517,barnesMale
MAPK12,0.45,0.36148,barnesMale
CDK8,0.09,0.43321,barnesMale
CDK10,0.17,0.27206,barnesMale
MAPK7,-0.2,0.46886,barnesMale
MAPK8,0,0.55583,barnesMale
MAPK6,-0.12,0.38246,barnesMale
DYRK2,0.05,0.49732,barnesMale
SRPK1,0.1,0.46434,barnesMale
CDK3,0.35,0.26374,barnesMale
CDKL5,0.85,0.41051,barnesMale
CDKL2,-0.45,0.69425,barnesMale
HIPK2,-0.13,0.56495,barnesMale
DYRK3,0.13,0.84711,barnesMale
CSNK2A1,-0.01,0.69487,barnesMale
MAPK11,0.08,0.8394,barnesMale
MAPK4,-0.14,0.52099,barnesMale
PRPF4B,0.06,0.60075,barnesMale
CDKL3,-0.11,0.55786,barnesMale
CDK19,-0.1,0.54977,barnesMale
CLK3,-0.06,0.57961,barnesMale
DYRK4,-0.18,0.35867,barnesMale
SRPK3,-0.19,0.85094,barnesMale
CDK20,0.37,0.40784,barnesMale
NLK,-0.14,0.39506,barnesMale
CDKL1,-0.46,0.42286,barnesMale
CSNK2A2,0.06,0.61439,barnesMale
MAPK13,0.04,0.65903,barnesMale
CDK2,0,0.96195,barnesMale
CDK1,0.14,0.81101,barnesMale
MAPK10,-0.01,0.74838,barnesMale
CLK1,0.1,0.70161,barnesMale
CDK4,0.04,0.72342,barnesMale
GSK3A,-0.02,0.73282,barnesMale
CDK7,-0.14,0.7481,barnesMale
MAPK9,0.03,0.87061,barnesMale
CLK2,0.08,0.76835,barnesMale
CDK14,-0.03,0.88365,barnesMale
CDK5,0,0.99542,barnesMale
CDK10,0.28,0.08282,Iwamoto_BA10_SCZ
PRPF4B,0.02,0.05475,Iwamoto_BA10_SCZ
SRPK3,-0.32,0.01185,Iwamoto_BA10_SCZ
MAPK4,0.49,0.01616,Iwamoto_BA10_SCZ
CDK18,-0.54,0.08134,Iwamoto_BA10_SCZ
DYRK2,0.01,0.14221,Iwamoto_BA10_SCZ
CLK1,-0.31,0.05623,Iwamoto_BA10_SCZ
CDK1,0.15,0.266,Iwamoto_BA10_SCZ
MAPK8,-0.45,0.31961,Iwamoto_BA10_SCZ
DYRK1A,0.21,0.49655,Iwamoto_BA10_SCZ
CDK16,-0.07,0.3554,Iwamoto_BA10_SCZ
CDK12,0.22,0.14877,Iwamoto_BA10_SCZ
CDK5,-0.15,0.26723,Iwamoto_BA10_SCZ
CDK2,-0.16,0.4191,Iwamoto_BA10_SCZ
CDK13,-0.02,0.42385,Iwamoto_BA10_SCZ
MAPK10,0.15,0.31548,Iwamoto_BA10_SCZ
HIPK2,-0.4,0.22449,Iwamoto_BA10_SCZ
MAPK11,-0.11,0.43158,Iwamoto_BA10_SCZ
DYRK4,-0.2,0.23116,Iwamoto_BA10_SCZ
HIPK3,-0.12,0.50053,Iwamoto_BA10_SCZ
CDK3,-0.02,0.3211,Iwamoto_BA10_SCZ
MAPK14,0.05,0.3942,Iwamoto_BA10_SCZ
CDKL1,0.1,0.4441,Iwamoto_BA10_SCZ
CLK2,-0.09,0.36793,Iwamoto_BA10_SCZ
MAPK7,-0.09,0.41044,Iwamoto_BA10_SCZ
GSK3B,0.15,0.55119,Iwamoto_BA10_SCZ
MAPK3,0.07,0.41963,Iwamoto_BA10_SCZ
GSK3A,-0.09,0.42295,Iwamoto_BA10_SCZ
DYRK1B,-0.28,0.42931,Iwamoto_BA10_SCZ
CSNK2A1,0.03,0.67321,Iwamoto_BA10_SCZ
CLK3,-0.12,0.51185,Iwamoto_BA10_SCZ
CDK19,-0.11,0.51205,Iwamoto_BA10_SCZ
MAPK12,-0.04,0.5767,Iwamoto_BA10_SCZ
SRPK1,0.12,0.51514,Iwamoto_BA10_SCZ
CDK6,0.04,0.65411,Iwamoto_BA10_SCZ
CDK8,0.03,0.70307,Iwamoto_BA10_SCZ
CDK9,0.07,0.55614,Iwamoto_BA10_SCZ
CDK20,-0.09,0.56021,Iwamoto_BA10_SCZ
HIPK1,0.11,0.56674,Iwamoto_BA10_SCZ
MOK,0.04,0.7085,Iwamoto_BA10_SCZ
CDKL2,-0.2,0.58254,Iwamoto_BA10_SCZ
CDK14,0.09,0.58428,Iwamoto_BA10_SCZ
MAPK1,-0.17,0.60516,Iwamoto_BA10_SCZ
CILK1,-0.08,0.638,Iwamoto_BA10_SCZ
CDKL5,0.06,0.74904,Iwamoto_BA10_SCZ
CSNK2A2,0.06,0.66391,Iwamoto_BA10_SCZ
SRPK2,-0.01,0.76916,Iwamoto_BA10_SCZ
CDK7,-0.01,0.80649,Iwamoto_BA10_SCZ
MAPK9,-0.03,0.83444,Iwamoto_BA10_SCZ
MAPK6,0.04,0.77793,Iwamoto_BA10_SCZ
CDK17,-0.05,0.82964,Iwamoto_BA10_SCZ
CDK4,-0.03,0.80606,Iwamoto_BA10_SCZ
MAPK13,0.05,0.8209,Iwamoto_BA10_SCZ
DYRK3,0,0.98017,Iwamoto_BA10_SCZ
CDK19,-0.13,0.10278,Iwamoto_BA46_SCZ
CDK1,-0.35,0.15003,Iwamoto_BA46_SCZ
CDK17,0.07,0.11423,Iwamoto_BA46_SCZ
SRPK1,0.11,0.1938,Iwamoto_BA46_SCZ
PRPF4B,0.07,0.16503,Iwamoto_BA46_SCZ
HIPK1,0.18,0.11567,Iwamoto_BA46_SCZ
MAPK13,0,0.13612,Iwamoto_BA46_SCZ
CSNK2A2,0.13,0.05008,Iwamoto_BA46_SCZ
MAPK14,-0.06,0.25108,Iwamoto_BA46_SCZ
MAPK11,-0.19,0.19925,Iwamoto_BA46_SCZ
HIPK3,-0.09,0.27976,Iwamoto_BA46_SCZ
MAPK9,-0.07,0.15211,Iwamoto_BA46_SCZ
CLK2,0.11,0.07476,Iwamoto_BA46_SCZ
CDK16,-0.05,0.1574,Iwamoto_BA46_SCZ
MAPK1,-0.09,0.34058,Iwamoto_BA46_SCZ
CDK18,-0.18,0.14543,Iwamoto_BA46_SCZ
CSNK2A1,0.01,0.47483,Iwamoto_BA46_SCZ
MAPK3,-0.11,0.14935,Iwamoto_BA46_SCZ
GSK3B,0.15,0.15146,Iwamoto_BA46_SCZ
MAPK8,-0.17,0.18974,Iwamoto_BA46_SCZ
DYRK1A,-0.14,0.46397,Iwamoto_BA46_SCZ
DYRK4,-0.12,0.16479,Iwamoto_BA46_SCZ
CDK14,-0.08,0.39841,Iwamoto_BA46_SCZ
SRPK2,-0.07,0.31056,Iwamoto_BA46_SCZ
DYRK3,0.3,0.17524,Iwamoto_BA46_SCZ
GSK3A,-0.14,0.38097,Iwamoto_BA46_SCZ
CDK10,-0.07,0.44191,Iwamoto_BA46_SCZ
CILK1,0.18,0.23693,Iwamoto_BA46_SCZ
MAPK4,-0.18,0.44145,Iwamoto_BA46_SCZ
CDK2,-0.17,0.53351,Iwamoto_BA46_SCZ
CDKL5,-0.24,0.38254,Iwamoto_BA46_SCZ
CDK8,0.1,0.35058,Iwamoto_BA46_SCZ
CDK13,0.04,0.71759,Iwamoto_BA46_SCZ
DYRK2,0.08,0.5669,Iwamoto_BA46_SCZ
DYRK1B,-0.15,0.51832,Iwamoto_BA46_SCZ
CDK20,-0.09,0.40087,Iwamoto_BA46_SCZ
CDKL3,0.1,0.45,Iwamoto_BA46_SCZ
CDK9,-0.07,0.45626,Iwamoto_BA46_SCZ
CDKL1,0.22,0.46607,Iwamoto_BA46_SCZ
MAPK10,0.03,0.62396,Iwamoto_BA46_SCZ
SRPK3,-0.17,0.48706,Iwamoto_BA46_SCZ
MAK,-0.16,0.53983,Iwamoto_BA46_SCZ
CDK5,-0.07,0.54343,Iwamoto_BA46_SCZ
CDK4,-0.04,0.5532,Iwamoto_BA46_SCZ
MAPK12,-0.06,0.56989,Iwamoto_BA46_SCZ
CDK6,-0.17,0.58285,Iwamoto_BA46_SCZ
MAPK7,0,0.59031,Iwamoto_BA46_SCZ
CDK3,-0.11,0.60387,Iwamoto_BA46_SCZ
CLK3,-0.04,0.61824,Iwamoto_BA46_SCZ
CDK12,0.04,0.66271,Iwamoto_BA46_SCZ
MAPK6,0.03,0.66755,Iwamoto_BA46_SCZ
CDK7,0.04,0.68951,Iwamoto_BA46_SCZ
CLK4,-0.03,0.72427,Iwamoto_BA46_SCZ
HIPK2,0,0.77194,Iwamoto_BA46_SCZ
CLK1,0.04,0.78652,Iwamoto_BA46_SCZ
CDKL2,0.07,0.79929,Iwamoto_BA46_SCZ
MOK,-0.01,0.8895,Iwamoto_BA46_SCZ
NLK,0,0.97378,Iwamoto_BA46_SCZ
CDK9,0.01,0.22232,MaycoxAll
MAPK14,0.08,0.3388,MaycoxAll
HIPK4,-0.29,0.06013,MaycoxAll
CDK1,-0.18,0.33963,MaycoxAll
PRPF4B,0.05,0.3147,MaycoxAll
CDKL3,-0.04,0.25712,MaycoxAll
MAPK11,-0.17,0.16742,MaycoxAll
CDK8,0.11,0.20541,MaycoxAll
CDK4,0.1,0.09041,MaycoxAll
CDK2,0.15,0.2692,MaycoxAll
SRPK2,-0.07,0.46996,MaycoxAll
CDK20,0.14,0.11259,MaycoxAll
GSK3A,0.15,0.222,MaycoxAll
SRPK1,0.08,0.21656,MaycoxAll
CLK4,-0.04,0.44727,MaycoxAll
DYRK2,-0.07,0.44036,MaycoxAll
CLK1,0.15,0.14967,MaycoxAll
HIPK3,0.15,0.32025,MaycoxAll
CDKL1,-0.08,0.47247,MaycoxAll
GSK3B,-0.05,0.59394,MaycoxAll
CDK12,0.02,0.50285,MaycoxAll
MAPK1,0.05,0.69039,MaycoxAll
HIPK2,0.06,0.50534,MaycoxAll
CDK18,0.15,0.24945,MaycoxAll
MAPK15,0.24,0.37045,MaycoxAll
CDK15,0.11,0.41341,MaycoxAll
MAPK8,0.01,0.52912,MaycoxAll
CLK2,0.08,0.28941,MaycoxAll
MAPK13,0.1,0.31168,MaycoxAll
CDK6,-0.07,0.51146,MaycoxAll
CDK19,-0.03,0.56711,MaycoxAll
NLK,0.1,0.3001,MaycoxAll
MAPK10,-0.03,0.49932,MaycoxAll
MAPK7,0.01,0.41656,MaycoxAll
CDK5,-0.12,0.31619,MaycoxAll
CDK13,0,0.58421,MaycoxAll
MAPK9,-0.1,0.40026,MaycoxAll
DYRK1A,0.08,0.63516,MaycoxAll
CDK10,0.01,0.5317,MaycoxAll
DYRK3,0.14,0.48113,MaycoxAll
CSNK2A2,0.05,0.47913,MaycoxAll
HIPK1,0,0.65269,MaycoxAll
MAPK4,-0.04,0.78766,MaycoxAll
MAPK6,-0.09,0.66301,MaycoxAll
CLK3,0.01,0.66774,MaycoxAll
CSNK2A1,-0.02,0.71633,MaycoxAll
CILK1,-0.14,0.74629,MaycoxAll
DYRK4,-0.07,0.59025,MaycoxAll
MAPK12,-0.01,0.77925,MaycoxAll
CDK16,-0.01,0.73658,MaycoxAll
CDKL2,-0.04,0.70463,MaycoxAll
MAK,-0.01,0.66819,MaycoxAll
CDK14,0.02,0.74279,MaycoxAll
CDK3,0.02,0.71054,MaycoxAll
MOK,-0.02,0.71281,MaycoxAll
CDKL5,0,0.81024,MaycoxAll
DYRK1B,-0.06,0.80354,MaycoxAll
MAPK3,0.03,0.73748,MaycoxAll
SRPK3,0.05,0.79508,MaycoxAll
CDK17,0,0.93135,MaycoxAll
CDK7,0,0.97128,MaycoxAll
CDK9,-0.13,0.05396,MaycoxFemale
CDKL1,-0.12,0.21297,MaycoxFemale
CDK10,0.22,0.15076,MaycoxFemale
MAPK4,0.26,0.2424,MaycoxFemale
CLK4,-0.12,0.35658,MaycoxFemale
CDK1,-0.27,0.17066,MaycoxFemale
HIPK3,0.2,0.34458,MaycoxFemale
PRPF4B,0.05,0.329,MaycoxFemale
SRPK2,-0.19,0.28676,MaycoxFemale
MAPK3,0.25,0.09799,MaycoxFemale
MAPK12,0.2,0.20258,MaycoxFemale
MAPK9,-0.24,0.23177,MaycoxFemale
CDK15,0.17,0.28394,MaycoxFemale
CDK14,0.04,0.29329,MaycoxFemale
CDK12,0.07,0.57204,MaycoxFemale
CLK1,0.28,0.13121,MaycoxFemale
CDK6,-0.15,0.36787,MaycoxFemale
HIPK1,0.22,0.43288,MaycoxFemale
MAPK1,0.09,0.5569,MaycoxFemale
CDKL5,-0.04,0.33343,MaycoxFemale
CDK3,0.13,0.38507,MaycoxFemale
GSK3B,0.05,0.43596,MaycoxFemale
MAPK11,-0.09,0.48317,MaycoxFemale
CDK4,0.13,0.21356,MaycoxFemale
MAPK14,0,0.504,MaycoxFemale
CDK7,-0.16,0.22447,MaycoxFemale
CDK8,0.09,0.57591,MaycoxFemale
CDK2,0.38,0.32344,MaycoxFemale
HIPK2,0.06,0.4434,MaycoxFemale
MAPK6,-0.22,0.35304,MaycoxFemale
MAPK8,-0.06,0.5361,MaycoxFemale
CSNK2A1,0.04,0.58281,MaycoxFemale
DYRK1A,0.18,0.48956,MaycoxFemale
DYRK3,0.16,0.52709,MaycoxFemale
CDK19,-0.02,0.57131,MaycoxFemale
HIPK4,-0.28,0.30394,MaycoxFemale
CILK1,0.38,0.38968,MaycoxFemale
MAPK7,0.04,0.50189,MaycoxFemale
MAPK10,-0.11,0.45354,MaycoxFemale
SRPK3,0.29,0.32761,MaycoxFemale
NLK,-0.2,0.39557,MaycoxFemale
CLK3,-0.02,0.39199,MaycoxFemale
CDK16,-0.02,0.59308,MaycoxFemale
DYRK2,0.07,0.52595,MaycoxFemale
CDK17,0.06,0.58814,MaycoxFemale
CLK2,0.1,0.38832,MaycoxFemale
GSK3A,0.1,0.4283,MaycoxFemale
DYRK1B,-0.02,0.52861,MaycoxFemale
CDKL3,-0.07,0.54597,MaycoxFemale
CDK13,-0.04,0.62526,MaycoxFemale
CDK5,-0.15,0.51266,MaycoxFemale
SRPK1,0.04,0.72442,MaycoxFemale
MAK,0.04,0.69499,MaycoxFemale
MAPK15,0.13,0.67667,MaycoxFemale
CDK20,-0.07,0.58615,MaycoxFemale
MOK,0.06,0.61087,MaycoxFemale
DYRK4,-0.09,0.65189,MaycoxFemale
CSNK2A2,0.03,0.82361,MaycoxFemale
MAPK13,0.03,0.84939,MaycoxFemale
CDK18,0.04,0.84228,MaycoxFemale
CDKL2,-0.02,0.94268,MaycoxFemale
DYRK2,-0.22,0.19461,MaycoxMale
MAPK12,-0.16,0.16304,MaycoxMale
CDKL3,0.01,0.21636,MaycoxMale
CDK20,0.28,0.04586,MaycoxMale
MAPK4,-0.26,0.26837,MaycoxMale
CDK8,0.07,0.10681,MaycoxMale
MAPK11,-0.22,0.2668,MaycoxMale
MAPK14,0.08,0.46639,MaycoxMale
CDK10,-0.1,0.34861,MaycoxMale
CDK4,0.13,0.12374,MaycoxMale
CDK12,-0.02,0.42178,MaycoxMale
CILK1,-0.5,0.2731,MaycoxMale
HIPK4,-0.29,0.1445,MaycoxMale
SRPK1,0.11,0.26466,MaycoxMale
HIPK2,0.08,0.50074,MaycoxMale
CLK2,0.14,0.17165,MaycoxMale
HIPK3,0.13,0.49274,MaycoxMale
CDK2,0.14,0.38986,MaycoxMale
CDK18,0.24,0.18452,MaycoxMale
MAPK15,0.38,0.22473,MaycoxMale
GSK3A,0.19,0.46256,MaycoxMale
PRPF4B,0.08,0.4488,MaycoxMale
GSK3B,-0.13,0.50268,MaycoxMale
CLK3,0.09,0.34923,MaycoxMale
CDK9,0.14,0.56583,MaycoxMale
CDK5,-0.18,0.26527,MaycoxMale
CDK13,0.02,0.58035,MaycoxMale
CSNK2A1,-0.09,0.39057,MaycoxMale
MAPK3,-0.14,0.28671,MaycoxMale
NLK,0.14,0.30282,MaycoxMale
CDK6,-0.05,0.63395,MaycoxMale
MAPK8,0,0.51672,MaycoxMale
CLK4,0.01,0.61381,MaycoxMale
MAPK10,-0.02,0.45922,MaycoxMale
CSNK2A2,0.07,0.48207,MaycoxMale
MOK,-0.08,0.37296,MaycoxMale
DYRK1A,0.01,0.59644,MaycoxMale
MAPK13,0.11,0.4474,MaycoxMale
CDK1,-0.11,0.48817,MaycoxMale
MAPK7,0,0.46554,MaycoxMale
CDK16,-0.01,0.56928,MaycoxMale
DYRK1B,-0.06,0.51488,MaycoxMale
CDK7,0.07,0.42533,MaycoxMale
MAPK9,-0.07,0.62721,MaycoxMale
HIPK1,-0.11,0.70537,MaycoxMale
CDK3,0,0.56036,MaycoxMale
SRPK2,-0.02,0.68273,MaycoxMale
CLK1,0.09,0.48422,MaycoxMale
CDKL2,-0.06,0.65526,MaycoxMale
CDKL5,0,0.7146,MaycoxMale
CDK17,-0.07,0.63916,MaycoxMale
CDK19,-0.01,0.746,MaycoxMale
DYRK3,0.16,0.59325,MaycoxMale
MAPK1,0.02,0.72786,MaycoxMale
CDK15,0.12,0.67802,MaycoxMale
MAPK6,-0.05,0.64841,MaycoxMale
CDK14,-0.01,0.78269,MaycoxMale
CDKL1,0,0.84574,MaycoxMale
MAK,0.01,0.83173,MaycoxMale
DYRK4,0.03,0.84059,MaycoxMale
SRPK3,-0.01,0.98596,MaycoxMale
MAPK4,0.65,0.16868,PietersenAllParvalbumin
DYRK3,-0.68,0.04891,PietersenAllParvalbumin
GSK3B,0.33,0.10103,PietersenAllParvalbumin
CDK14,-0.82,0.14838,PietersenAllParvalbumin
DYRK2,-0.81,0.19296,PietersenAllParvalbumin
CDK17,0.54,0.15659,PietersenAllParvalbumin
MAPK14,0.24,0.2469,PietersenAllParvalbumin
HIPK1,0.35,0.32989,PietersenAllParvalbumin
CDK8,-0.77,0.23903,PietersenAllParvalbumin
HIPK2,0.06,0.36295,PietersenAllParvalbumin
MAPK9,0.71,0.26915,PietersenAllParvalbumin
CDK1,-0.95,0.23905,PietersenAllParvalbumin
CDK15,0.39,0.40576,PietersenAllParvalbumin
MAPK3,0.52,0.41443,PietersenAllParvalbumin
MAPK10,-0.05,0.33584,PietersenAllParvalbumin
CDK13,0.07,0.47918,PietersenAllParvalbumin
MAPK13,-1.04,0.22094,PietersenAllParvalbumin
CDKL3,-0.6,0.40312,PietersenAllParvalbumin
CDK10,-0.26,0.55196,PietersenAllParvalbumin
CDK9,0.69,0.298,PietersenAllParvalbumin
MAPK11,0.02,0.53577,PietersenAllParvalbumin
CDK12,0.26,0.57145,PietersenAllParvalbumin
CDK3,0.7,0.28648,PietersenAllParvalbumin
CLK4,-0.3,0.35238,PietersenAllParvalbumin
CSNK2A1,-0.28,0.37232,PietersenAllParvalbumin
HIPK3,0.22,0.47476,PietersenAllParvalbumin
CDK5,-0.94,0.31679,PietersenAllParvalbumin
CDK19,-0.31,0.66334,PietersenAllParvalbumin
CILK1,-0.21,0.54098,PietersenAllParvalbumin
DYRK1B,-0.21,0.38307,PietersenAllParvalbumin
MAPK1,-0.11,0.62984,PietersenAllParvalbumin
CDK20,-0.7,0.36709,PietersenAllParvalbumin
MAK,-0.43,0.53358,PietersenAllParvalbumin
PRPF4B,0.05,0.61671,PietersenAllParvalbumin
NLK,0.17,0.71494,PietersenAllParvalbumin
MAPK12,-0.29,0.58194,PietersenAllParvalbumin
MAPK15,0.17,0.66837,PietersenAllParvalbumin
MAPK8,-0.24,0.66134,PietersenAllParvalbumin
CDKL1,0.4,0.5586,PietersenAllParvalbumin
CDK16,-0.05,0.54786,PietersenAllParvalbumin
SRPK2,-0.04,0.72072,PietersenAllParvalbumin
HIPK4,0.45,0.54311,PietersenAllParvalbumin
CSNK2A2,-0.31,0.69661,PietersenAllParvalbumin
MAPK7,-0.34,0.60596,PietersenAllParvalbumin
GSK3A,-0.16,0.66571,PietersenAllParvalbumin
CDK6,-0.13,0.73561,PietersenAllParvalbumin
CLK3,-0.24,0.763,PietersenAllParvalbumin
DYRK4,-0.3,0.63794,PietersenAllParvalbumin
CDKL2,-0.03,0.68544,PietersenAllParvalbumin
CLK2,-0.32,0.68853,PietersenAllParvalbumin
CDK2,-0.11,0.82915,PietersenAllParvalbumin
CDK7,-0.19,0.77219,PietersenAllParvalbumin
SRPK3,0.16,0.82758,PietersenAllParvalbumin
MOK,0.13,0.83294,PietersenAllParvalbumin
DYRK1A,-0.04,0.93512,PietersenAllParvalbumin
SRPK1,-0.01,0.8665,PietersenAllParvalbumin
CDKL5,0.08,0.91817,PietersenAllParvalbumin
CLK1,0.09,0.89015,PietersenAllParvalbumin
MAPK6,-0.08,0.89894,PietersenAllParvalbumin
CDK4,-0.04,0.95168,PietersenAllParvalbumin
CDK18,0.02,0.97708,PietersenAllParvalbumin
CDK15,-0.54,0.14464,PietersenAllPyramidal
CLK3,-0.7,0.06244,PietersenAllPyramidal
CDKL1,-0.54,0.14973,PietersenAllPyramidal
CDK17,-1.01,0.12241,PietersenAllPyramidal
HIPK3,-0.58,0.27697,PietersenAllPyramidal
MAPK8,-0.45,0.29962,PietersenAllPyramidal
MAPK1,0.02,0.37042,PietersenAllPyramidal
CDK13,-0.22,0.38105,PietersenAllPyramidal
CDK1,-0.47,0.38387,PietersenAllPyramidal
GSK3A,-0.3,0.42397,PietersenAllPyramidal
SRPK1,-0.54,0.29221,PietersenAllPyramidal
MAK,-0.61,0.31196,PietersenAllPyramidal
HIPK2,0.26,0.50976,PietersenAllPyramidal
MAPK14,0.34,0.43901,PietersenAllPyramidal
CDK14,-0.44,0.34602,PietersenAllPyramidal
CLK4,-0.19,0.46719,PietersenAllPyramidal
DYRK1A,-0.35,0.28044,PietersenAllPyramidal
CSNK2A1,-0.19,0.43693,PietersenAllPyramidal
NLK,-0.57,0.41597,PietersenAllPyramidal
CILK1,-0.22,0.39887,PietersenAllPyramidal
MAPK15,-0.38,0.39854,PietersenAllPyramidal
MAPK3,0.59,0.32058,PietersenAllPyramidal
GSK3B,0.34,0.58862,PietersenAllPyramidal
CDK4,0.72,0.24613,PietersenAllPyramidal
CDKL5,-0.38,0.37815,PietersenAllPyramidal
CDK19,-0.1,0.5721,PietersenAllPyramidal
CDKL2,0.14,0.3027,PietersenAllPyramidal
SRPK2,-0.19,0.61981,PietersenAllPyramidal
DYRK3,0,0.29768,PietersenAllPyramidal
CDK5,0.96,0.30674,PietersenAllPyramidal
SRPK3,0.57,0.30815,PietersenAllPyramidal
MAPK12,0.5,0.36692,PietersenAllPyramidal
CDK20,0.72,0.39043,PietersenAllPyramidal
CDKL3,-0.35,0.55066,PietersenAllPyramidal
CDK6,-0.2,0.7419,PietersenAllPyramidal
HIPK1,0.1,0.55324,PietersenAllPyramidal
MAPK7,0.54,0.45015,PietersenAllPyramidal
CDK8,0.23,0.72396,PietersenAllPyramidal
CDK12,-0.1,0.78977,PietersenAllPyramidal
CDK2,-0.44,0.50042,PietersenAllPyramidal
CLK1,-0.41,0.48223,PietersenAllPyramidal
CDK10,0.27,0.62534,PietersenAllPyramidal
DYRK1B,0.1,0.76945,PietersenAllPyramidal
DYRK2,0.05,0.71519,PietersenAllPyramidal
MAPK4,-0.04,0.71717,PietersenAllPyramidal
CDK16,0.16,0.75578,PietersenAllPyramidal
CDK9,0.01,0.70531,PietersenAllPyramidal
CDK3,-0.11,0.73031,PietersenAllPyramidal
MAPK10,-0.01,0.73679,PietersenAllPyramidal
MAPK13,-0.08,0.70024,PietersenAllPyramidal
MAPK6,-0.33,0.62116,PietersenAllPyramidal
PRPF4B,-0.1,0.73152,PietersenAllPyramidal
MAPK11,0.12,0.79336,PietersenAllPyramidal
CDK18,-0.23,0.65526,PietersenAllPyramidal
HIPK4,-0.27,0.65851,PietersenAllPyramidal
MAPK9,-0.09,0.78776,PietersenAllPyramidal
CSNK2A2,0.17,0.79723,PietersenAllPyramidal
CDK7,0.15,0.82212,PietersenAllPyramidal
MOK,0.15,0.82246,PietersenAllPyramidal
DYRK4,0.1,0.87221,PietersenAllPyramidal
CLK2,0.09,0.87718,PietersenAllPyramidal
MAPK4,0.72,0.3626,PietersenFemaleParvalbumin
CILK1,-0.16,0.30196,PietersenFemaleParvalbumin
CDK8,-1.1,0.19989,PietersenFemaleParvalbumin
DYRK3,-0.46,0.15043,PietersenFemaleParvalbumin
CDK14,-0.82,0.2354,PietersenFemaleParvalbumin
CDK17,0.35,0.17429,PietersenFemaleParvalbumin
MAPK15,-0.46,0.2446,PietersenFemaleParvalbumin
CDK12,0.81,0.45773,PietersenFemaleParvalbumin
HIPK2,0.16,0.37847,PietersenFemaleParvalbumin
SRPK2,0.43,0.31277,PietersenFemaleParvalbumin
CDK9,0.49,0.47754,PietersenFemaleParvalbumin
CDK15,0.44,0.46598,PietersenFemaleParvalbumin
CLK4,-0.46,0.45262,PietersenFemaleParvalbumin
CDK13,0.24,0.58824,PietersenFemaleParvalbumin
MAPK8,-0.8,0.42846,PietersenFemaleParvalbumin
DYRK2,-0.7,0.43184,PietersenFemaleParvalbumin
CDKL3,-0.37,0.46879,PietersenFemaleParvalbumin
MAPK14,0.07,0.44049,PietersenFemaleParvalbumin
MAPK10,0.31,0.51007,PietersenFemaleParvalbumin
CDKL1,0.71,0.44605,PietersenFemaleParvalbumin
GSK3B,0.85,0.34427,PietersenFemaleParvalbumin
MAK,0.97,0.32112,PietersenFemaleParvalbumin
MAPK13,-1.07,0.28916,PietersenFemaleParvalbumin
CSNK2A1,-0.74,0.47515,PietersenFemaleParvalbumin
CDK10,-0.63,0.50676,PietersenFemaleParvalbumin
CDK3,1.07,0.27757,PietersenFemaleParvalbumin
CDK1,0.11,0.43178,PietersenFemaleParvalbumin
CDK16,-0.51,0.52809,PietersenFemaleParvalbumin
CDK6,0.08,0.67683,PietersenFemaleParvalbumin
MAPK9,0.62,0.51144,PietersenFemaleParvalbumin
CDKL5,0.48,0.57941,PietersenFemaleParvalbumin
CDK19,0.42,0.48286,PietersenFemaleParvalbumin
PRPF4B,-0.07,0.55079,PietersenFemaleParvalbumin
DYRK1A,0.24,0.61071,PietersenFemaleParvalbumin
HIPK1,0.38,0.62942,PietersenFemaleParvalbumin
SRPK3,0.81,0.46973,PietersenFemaleParvalbumin
CDKL2,0.24,0.63491,PietersenFemaleParvalbumin
MAPK1,0.04,0.65225,PietersenFemaleParvalbumin
HIPK3,0.13,0.74386,PietersenFemaleParvalbumin
DYRK1B,0.06,0.7028,PietersenFemaleParvalbumin
NLK,0.16,0.65034,PietersenFemaleParvalbumin
MAPK11,-0.25,0.6894,PietersenFemaleParvalbumin
MAPK12,-0.5,0.58318,PietersenFemaleParvalbumin
CLK1,0.61,0.55399,PietersenFemaleParvalbumin
HIPK4,0.61,0.56906,PietersenFemaleParvalbumin
MAPK3,0.38,0.70206,PietersenFemaleParvalbumin
CDK20,-0.5,0.62359,PietersenFemaleParvalbumin
GSK3A,-0.16,0.84786,PietersenFemaleParvalbumin
DYRK4,-0.45,0.64491,PietersenFemaleParvalbumin
MAPK7,0.45,0.64757,PietersenFemaleParvalbumin
CDK18,-0.37,0.69247,PietersenFemaleParvalbumin
CSNK2A2,0.4,0.69729,PietersenFemaleParvalbumin
MAPK6,0.32,0.73343,PietersenFemaleParvalbumin
CLK3,0.14,0.85111,PietersenFemaleParvalbumin
CDK2,0.29,0.77689,PietersenFemaleParvalbumin
SRPK1,0.01,0.92613,PietersenFemaleParvalbumin
CDK4,-0.11,0.91518,PietersenFemaleParvalbumin
MOK,-0.1,0.91737,PietersenFemaleParvalbumin
CDK7,0.09,0.92085,PietersenFemaleParvalbumin
CLK2,-0.09,0.9324,PietersenFemaleParvalbumin
CDK5,-0.09,0.94073,PietersenFemaleParvalbumin
HIPK2,0.94,0.25314,PietersenFemalePyramidal
CDK15,-1.17,0.18686,PietersenFemalePyramidal
CLK3,-0.64,0.09508,PietersenFemalePyramidal
MAPK1,0.2,0.35263,PietersenFemalePyramidal
CDK14,-2.31,0.0341,PietersenFemalePyramidal
SRPK1,-0.96,0.17386,PietersenFemalePyramidal
DYRK1A,-0.53,0.20596,PietersenFemalePyramidal
CLK4,-0.39,0.34105,PietersenFemalePyramidal
CDK10,0.81,0.26486,PietersenFemalePyramidal
DYRK2,0.37,0.33606,PietersenFemalePyramidal
GSK3B,0.59,0.49176,PietersenFemalePyramidal
HIPK1,0.07,0.36821,PietersenFemalePyramidal
CDK17,-0.53,0.29523,PietersenFemalePyramidal
CDK1,-0.58,0.36985,PietersenFemalePyramidal
CDKL3,-0.03,0.38373,PietersenFemalePyramidal
CDK13,0.12,0.45499,PietersenFemalePyramidal
DYRK3,0.28,0.25744,PietersenFemalePyramidal
MAPK14,0.6,0.3336,PietersenFemalePyramidal
SRPK2,0.29,0.54756,PietersenFemalePyramidal
CDK12,-0.39,0.56396,PietersenFemalePyramidal
NLK,-0.77,0.40681,PietersenFemalePyramidal
CDKL2,0.33,0.28502,PietersenFemalePyramidal
CDK6,0.17,0.56806,PietersenFemalePyramidal
MAPK8,-0.41,0.4588,PietersenFemalePyramidal
HIPK3,-0.36,0.4868,PietersenFemalePyramidal
CDK4,0.91,0.27355,PietersenFemalePyramidal
CILK1,0.26,0.51337,PietersenFemalePyramidal
CDKL1,-0.4,0.36179,PietersenFemalePyramidal
CDK19,0.34,0.35336,PietersenFemalePyramidal
MAPK12,0.73,0.32797,PietersenFemalePyramidal
MAPK3,0.71,0.36841,PietersenFemalePyramidal
SRPK3,0.77,0.33486,PietersenFemalePyramidal
CDK2,0.43,0.57035,PietersenFemalePyramidal
CDK5,1.14,0.38701,PietersenFemalePyramidal
MAPK7,0.74,0.39413,PietersenFemalePyramidal
CDK16,0.13,0.50775,PietersenFemalePyramidal
CDKL5,0.19,0.68487,PietersenFemalePyramidal
CDK8,0.02,0.56178,PietersenFemalePyramidal
CDK3,0.23,0.59663,PietersenFemalePyramidal
CSNK2A2,0.53,0.55647,PietersenFemalePyramidal
CDK20,0.84,0.49259,PietersenFemalePyramidal
MAPK4,0.2,0.66743,PietersenFemalePyramidal
DYRK1B,0.14,0.73411,PietersenFemalePyramidal
MAPK13,-0.48,0.66286,PietersenFemalePyramidal
PRPF4B,0.15,0.63649,PietersenFemalePyramidal
CSNK2A1,0.48,0.542,PietersenFemalePyramidal
CLK2,0.46,0.54285,PietersenFemalePyramidal
MAPK9,-0.11,0.66282,PietersenFemalePyramidal
GSK3A,0.05,0.70212,PietersenFemalePyramidal
MAPK10,0.21,0.83249,PietersenFemalePyramidal
DYRK4,0.34,0.68506,PietersenFemalePyramidal
MAPK11,0.2,0.78447,PietersenFemalePyramidal
CDK18,-0.28,0.69908,PietersenFemalePyramidal
CDK9,0.12,0.80963,PietersenFemalePyramidal
MAK,-0.15,0.88699,PietersenFemalePyramidal
CLK1,0.14,0.86328,PietersenFemalePyramidal
MAPK15,0.02,0.92433,PietersenFemalePyramidal
MOK,-0.09,0.92091,PietersenFemalePyramidal
HIPK4,-0.06,0.9379,PietersenFemalePyramidal
MAPK6,-0.05,0.95563,PietersenFemalePyramidal
CDK7,0.01,0.99087,PietersenFemalePyramidal
CDK1,-2.01,0.04351,PietersenMaleParvalbumin
GSK3B,-0.19,0.04894,PietersenMaleParvalbumin
MAK,-1.83,0.04922,PietersenMaleParvalbumin
MAPK4,0.58,0.29398,PietersenMaleParvalbumin
MAPK14,0.41,0.1729,PietersenMaleParvalbumin
PRPF4B,0.17,0.29077,PietersenMaleParvalbumin
MAPK8,0.32,0.41782,PietersenMaleParvalbumin
CSNK2A1,0.17,0.32834,PietersenMaleParvalbumin
HIPK1,0.33,0.33797,PietersenMaleParvalbumin
DYRK3,-0.89,0.22542,PietersenMaleParvalbumin
CDK9,0.89,0.19674,PietersenMaleParvalbumin
HIPK2,-0.03,0.31365,PietersenMaleParvalbumin
CDK14,-1.99,0.08187,PietersenMaleParvalbumin
MAPK3,0.66,0.44014,PietersenMaleParvalbumin
HIPK3,0.31,0.23486,PietersenMaleParvalbumin
MAPK15,0.81,0.31229,PietersenMaleParvalbumin
DYRK2,-0.92,0.32904,PietersenMaleParvalbumin
SRPK2,-0.5,0.28801,PietersenMaleParvalbumin
CDK5,-1.79,0.14092,PietersenMaleParvalbumin
CDK13,-0.1,0.4778,PietersenMaleParvalbumin
MAPK9,0.8,0.38702,PietersenMaleParvalbumin
CDK12,-0.3,0.40455,PietersenMaleParvalbumin
DYRK1B,-0.48,0.37009,PietersenMaleParvalbumin
CDK19,-1.04,0.30621,PietersenMaleParvalbumin
MAPK11,0.29,0.61082,PietersenMaleParvalbumin
DYRK1A,-0.33,0.48892,PietersenMaleParvalbumin
CLK4,-0.15,0.49777,PietersenMaleParvalbumin
CDK17,0.73,0.49766,PietersenMaleParvalbumin
MAPK7,-1.13,0.25247000000000003,PietersenMaleParvalbumin
MAPK1,-0.26,0.5357,PietersenMaleParvalbumin
MAPK10,-0.41,0.46387,PietersenMaleParvalbumin
CDKL5,-0.33,0.51991,PietersenMaleParvalbumin
CSNK2A2,-1.02,0.41673,PietersenMaleParvalbumin
CDK6,-0.33,0.64512,PietersenMaleParvalbumin
CDK15,0.33,0.69321,PietersenMaleParvalbumin
CDKL3,-0.83,0.4384,PietersenMaleParvalbumin
CILK1,-0.26,0.59746,PietersenMaleParvalbumin
CDK2,-0.52,0.5579,PietersenMaleParvalbumin
MAPK13,-1.01,0.44979,PietersenMaleParvalbumin
CDK20,-0.89,0.45282,PietersenMaleParvalbumin
CDK8,-0.45,0.67082,PietersenMaleParvalbumin
CDK10,0.11,0.58606,PietersenMaleParvalbumin
CDK16,0.41,0.65957,PietersenMaleParvalbumin
GSK3A,-0.15,0.69772,PietersenMaleParvalbumin
CLK3,-0.62,0.60337,PietersenMaleParvalbumin
MAPK12,-0.62,0.58344,PietersenMaleParvalbumin
SRPK3,-0.5,0.58675,PietersenMaleParvalbumin
NLK,0.18,0.70272,PietersenMaleParvalbumin
CDK3,0.11,0.69641,PietersenMaleParvalbumin
MAPK6,-0.49,0.63042,PietersenMaleParvalbumin
CLK2,-0.55,0.63726,PietersenMaleParvalbumin
CDK18,0.41,0.65543,PietersenMaleParvalbumin
CDK7,-0.47,0.66269,PietersenMaleParvalbumin
CLK1,-0.42,0.6659,PietersenMaleParvalbumin
CDKL2,-0.31,0.76625,PietersenMaleParvalbumin
MOK,0.36,0.71425,PietersenMaleParvalbumin
CDKL1,0.1,0.74486,PietersenMaleParvalbumin
HIPK4,0.29,0.78668,PietersenMaleParvalbumin
SRPK1,-0.04,0.89558,PietersenMaleParvalbumin
DYRK4,-0.14,0.87992,PietersenMaleParvalbumin
CDK4,0.02,0.98483,PietersenMaleParvalbumin
CDKL1,-0.72,0.06438,PietersenMalePyramidal
MAK,-1.19,0.11958,PietersenMalePyramidal
CSNK2A1,-0.64,0.25394,PietersenMalePyramidal
MAPK15,-0.87,0.13311,PietersenMalePyramidal
CDK14,2.14,0.03321,PietersenMalePyramidal
CDK13,-0.64,0.2953,PietersenMalePyramidal
CDK2,-1.52,0.13617,PietersenMalePyramidal
GSK3A,-0.73,0.37111,PietersenMalePyramidal
MAPK8,-0.51,0.37378,PietersenMalePyramidal
HIPK3,-0.86,0.36072,PietersenMalePyramidal
CDK15,0.25,0.1804,PietersenMalePyramidal
DYRK2,-0.35,0.2492,PietersenMalePyramidal
CDK17,-1.63,0.13916,PietersenMalePyramidal
CILK1,-0.82,0.32827,PietersenMalePyramidal
CDKL5,-1.1,0.26485,PietersenMalePyramidal
CDK6,-0.67,0.46611,PietersenMalePyramidal
MAPK1,-0.21,0.65867,PietersenMalePyramidal
DYRK1A,-0.12,0.35102,PietersenMalePyramidal
CLK3,-0.77,0.3848,PietersenMalePyramidal
HIPK2,-0.58,0.46467,PietersenMalePyramidal
CDKL3,-0.74,0.37993,PietersenMalePyramidal
PRPF4B,-0.41,0.30056,PietersenMalePyramidal
CDK19,-0.65,0.4414,PietersenMalePyramidal
SRPK2,-0.78,0.43213,PietersenMalePyramidal
CDK12,0.26,0.6928,PietersenMalePyramidal
CDK1,-0.35,0.53286,PietersenMalePyramidal
CLK1,-1.1,0.26739,PietersenMalePyramidal
HIPK1,0.14,0.41464,PietersenMalePyramidal
CDK9,-0.13,0.40602,PietersenMalePyramidal
MAPK14,0.02,0.49775,PietersenMalePyramidal
MAPK4,-0.33,0.39776,PietersenMalePyramidal
CDK8,0.5,0.60694,PietersenMalePyramidal
MAPK10,-0.29,0.71395,PietersenMalePyramidal
MAPK13,0.43,0.6481,PietersenMalePyramidal
CDK5,0.75,0.47529,PietersenMalePyramidal
CDK10,-0.39,0.67479,PietersenMalePyramidal
MAPK3,0.45,0.65388,PietersenMalePyramidal
MAPK6,-0.68,0.49976,PietersenMalePyramidal
CDK3,-0.54,0.58351,PietersenMalePyramidal
MAPK12,0.38,0.68915,PietersenMalePyramidal
DYRK3,-0.34,0.71815,PietersenMalePyramidal
CDK20,0.56,0.57776,PietersenMalePyramidal
HIPK4,-0.53,0.60444,PietersenMalePyramidal
CDKL2,-0.1,0.68586,PietersenMalePyramidal
NLK,-0.32,0.74189,PietersenMalePyramidal
CDK16,0.2,0.74906,PietersenMalePyramidal
CDK4,0.48,0.63393,PietersenMalePyramidal
MOK,0.44,0.65979,PietersenMalePyramidal
CSNK2A2,-0.28,0.77086,PietersenMalePyramidal
MAPK11,0.03,0.79976,PietersenMalePyramidal
CLK2,-0.37,0.71369,PietersenMalePyramidal
CDK7,0.31,0.74821,PietersenMalePyramidal
SRPK3,0.31,0.74903,PietersenMalePyramidal
MAPK7,0.29,0.79371,PietersenMalePyramidal
CLK4,0.05,0.87472,PietersenMalePyramidal
GSK3B,0.01,0.88971,PietersenMalePyramidal
DYRK4,-0.21,0.82767,PietersenMalePyramidal
CDK18,-0.16,0.86469,PietersenMalePyramidal
DYRK1B,0.06,0.89479,PietersenMalePyramidal
MAPK9,-0.06,0.91019,PietersenMalePyramidal
SRPK1,-0.01,0.99307,PietersenMalePyramidal
